"","survival","fine","decomp","growth","sp.pair"
"1",2,0.15485,0.0110881661146455,-2.57,"elong + leech"
"2",-7.5,0.0211500000000001,0.0204675794893694,-3.96,"elong + leech"
"3",-14.5,-0.13225,0.0427198438679866,-3.36,"elong + leech"
"4",-3,-0.00734999999999997,0.0418155478786772,-6.58,"elong + leech"
"5",-0.5,-0.12965,0.0316756706170137,-3.68,"elong + leech"
"6",-6,-0.01685,0.0591185665867955,-3.1,"elong + leech"
"7",-5.5,-0.1387,0.0778733197367781,-3.68,"elong + leech"
"8",-14,-0.0651999999999998,0.0714750124555119,-4.57,"elong + leech"
"9",-2.5,0.10205,-0.0188008858145922,-1.02,"elong + leech"
"10",-6,0.0985499999999999,0.0637082818894431,-5.76,"elong + leech"
"11",-2,-0.00140000000000007,0.0108764137848539,-7.37,"elong + leech"
"12",-1.5,-0.0491499999999999,0.0723793084448212,1.37,"elong + leech"
"13",-3,-0.12965,-0.00895696700266524,-2.14,"elong + leech"
"14",-1.5,-0.19975,0.0317994140552589,-5.36,"elong + leech"
"15",-19.5,0.0243499999999999,-0.0160701018819878,-2.65,"elong + leech"
"16",-3.5,0.0696,0.0591185665867955,-1.19,"elong + leech"
"17",-2.5,-0.1352,0.0516680605042078,-3.97,"elong + leech"
"18",-5.5,0.1254,0.0602561594122905,-1.71,"elong + leech"
"19",-19,-0.24885,-0.0111207923796014,NA,"elong + leech"
"20",-15,-0.0904499999999999,0.0566910554124698,-2.6,"elong + leech"
"21",-2.5,-0.0665499999999999,0.0185386721972333,-0.799999999999999,"elong + leech"
"22",-7,-0.0561500000000003,0.0208747125856607,-5.66,"elong + leech"
"23",-2,-0.22415,0.0824499923744695,-2.71,"elong + leech"
"24",-4.5,-0.0491499999999999,0.0317994140552589,0.329999999999999,"elong + leech"
"25",-3,-0.18235,0.0148694445116579,-0.44,"elong + leech"
"26",-2,0.0595500000000001,0.0164446087133233,-0.730000000000001,"elong + leech"
"27",1,-0.11185,0.047296516505678,-2.62,"elong + leech"
"28",-6.5,-0.12965,0.0690979716133783,-0.890000000000001,"elong + leech"
"29",-7,-0.2182,0.0445657325730736,-5.16,"elong + leech"
"30",-6,-0.2186,0.0547621481203336,-3.97,"elong + leech"
"31",-3.5,0.0769500000000001,0.0723793084448212,0.329999999999999,"elong + leech"
"32",-3.5,-0.1245,-0.000714577892425461,-3.11,"elong + leech"
"33",-2,0.0162999999999998,0.00814562985224948,-2.65,"elong + leech"
"34",-6.5,-0.11535,0.0460298896536455,NA,"elong + leech"
"35",-0.5,-0.0592499999999999,0.0445657325730736,NA,"elong + leech"
"36",-7.5,-0.2182,0.0405358783616886,0.419999999999999,"elong + leech"
"37",-14.5,-0.11185,-0.0138515763122058,-0.730000000000001,"elong + leech"
"38",-3.5,-0.4265,0.0424647856538247,NA,"elong + leech"
"39",3,0.0595500000000001,0.0288921434542926,-7.01,"elong + leech"
"40",-5.5,-0.12965,0.0523634046585975,NA,"elong + leech"
"41",1,-0.0314500000000001,0.059663268376366,-2.71,"elong + leech"
"42",-3,-0.2969,0.00814562985224948,-1.41,"elong + leech"
"43",-3.5,-0.11195,0.0500229203804495,-2.57,"elong + leech"
"44",-2.5,-0.0738500000000001,0.0623070032665585,-3,"elong + leech"
"45",-7,-0.15785,0.0226314048663055,-2.24,"elong + leech"
"46",-19,-0.00355000000000005,0.0375095997444075,-3.45,"elong + leech"
"47",-3,-0.1764,0.033728321347395,-0.44,"elong + leech"
"48",-3.5,-0.0488500000000001,0.0667764032556886,-3.85,"elong + leech"
"49",-3.5,-0.26285,0.0464578163806287,1.49,"elong + leech"
"50",-7.5,0.21135,0.0667764032556886,-2.07,"elong + leech"
"51",-14,-0.05935,0.0445657325730736,-3.68,"elong + leech"
"52",-3,-0.2341,0.00201620604017899,NA,"elong + leech"
"53",-5.5,0.0271,0.0508879202529662,-2.65,"elong + leech"
"54",-19,-0.0491499999999999,0.0632112992558678,-4.97,"elong + leech"
"55",-15.5,-0.0247499999999999,0.0236054965182652,-3.23,"elong + leech"
"56",-15.5,-0.1638,0.0523634046585975,NA,"elong + leech"
"57",-3.5,-0.1387,0.0603780959744223,NA,"elong + leech"
"58",-6.5,0.0880500000000001,0.025102683543499,-4.26,"elong + leech"
"59",-1.5,-0.0561500000000003,-0.0232309896869297,-2.31,"elong + leech"
"60",-5,-0.1983,0.0508879202529662,NA,"elong + leech"
"61",1,-0.216,0.0267283180773564,NA,"elong + leech"
"62",-7,0.10205,0.0615661591321094,-2.71,"elong + leech"
"63",-19.5,0.0604499999999998,0.0504344973664613,NA,"elong + leech"
"64",0,0.0389499999999999,0.0245097925075745,-2.26,"elong + leech"
"65",-4,-0.0247499999999999,0.0587589723870567,-5.16,"elong + leech"
"66",-14.5,-0.3146,0.0261965088661263,-1.07,"elong + leech"
"67",-7,0.0604499999999998,0.0135893626948469,-4.06,"elong + leech"
"68",-7.5,0.0162999999999998,-0.0111207923796014,-0.44,"elong + leech"
"69",-6.5,-0.1245,0.0285548060206515,NA,"elong + leech"
"70",-2.5,-0.2969,0.025102683543499,-2.2,"elong + leech"
"71",-3,-0.18235,0.0165687644513909,-1.71,"elong + leech"
"72",-8,-0.0247499999999999,0.0603780959744223,-1.29,"elong + leech"
"73",1.5,0.0302999999999998,0.0551938683872359,0.419999999999999,"elong + leech"
"74",-5.5,-0.2515,0.0610474738789317,0.849999999999999,"elong + leech"
"75",-0.5,0.0389499999999999,0.0551938683872359,-1.07,"elong + leech"
"76",-4.5,-0.21045,0.0504344973664613,-4.05,"elong + leech"
"77",-6.5,-0.0247499999999999,0.0541692570844092,NA,"elong + leech"
"78",-18.5,-0.2338,-0.00895696700266524,0.329999999999999,"elong + leech"
"79",-1,-0.18235,0.0601431778896223,-1.31,"elong + leech"
"80",-3,-0.11535,-0.0138515763122058,-2.05,"elong + leech"
"81",2,-0.24885,0.0164446087133233,0.849999999999999,"elong + leech"
"82",-5,-0.1213,0.0671690643212421,0.51,"elong + leech"
"83",-7.5,-0.00355000000000005,-0.0111207923796014,-1.19,"elong + leech"
"84",-19.5,0.11945,0.0191753926459277,-1.71,"elong + leech"
"85",-3.5,-0.1457,0.0632112992558678,NA,"elong + leech"
"86",-7,-0.2969,0.0543288685147192,-5.4,"elong + leech"
"87",-15.5,-0.11185,0.0307186313975877,-3.97,"elong + leech"
"88",-7,-0.0400999999999998,0.0788848883746488,-4.26,"elong + leech"
"89",-7,0.0389499999999999,0.0769559810825127,0.0600000000000005,"elong + leech"
"90",-16,-0.0436,0.0240326834891901,NA,"elong + leech"
"91",-14,-0.00705000000000011,0.0667764032556886,-1.83,"elong + leech"
"92",-3.5,-0.0432,0.0405358783616886,3.75,"elong + leech"
"93",-5,0.04275,0.0192995483839954,NA,"elong + leech"
"94",-3.5,0.1114,0.0405358783616886,-3.92,"elong + leech"
"95",-5,-0.13225,0.0316756706170137,-1.47,"elong + leech"
"96",-15.5,-0.0825999999999998,0.0543288685147192,NA,"elong + leech"
"97",-5.5,-0.2341,0.0504344973664613,-4.35,"elong + leech"
"98",-18,-0.11195,-0.000714577892425461,-3.96,"elong + leech"
"99",-2,-0.30455,0.00201620604017899,-3.68,"elong + leech"
"100",-7,-0.0491499999999999,0.0582142705974862,NA,"elong + leech"
"101",-7,-0.2182,-0.00895696700266524,-2.14,"elong + leech"
"102",-14.5,0.0629500000000001,0.0091592588225094,-6.97,"elong + leech"
"103",-7,0.0389499999999999,-0.0205002057543253,1.37,"elong + leech"
"104",-0.5,0.0125999999999999,-0.0111207923796014,-1.71,"elong + leech"
"105",-3,0.0162999999999998,0.0591185665867955,-1.76,"elong + leech"
"106",1.5,0.0829,0.0192995483839954,1.49,"elong + leech"
"107",-2,-0.22415,0.0723793084448212,-3.11,"elong + leech"
"108",-3,-0.2515,0.0424647856538247,-5.21,"elong + leech"
"109",-7,-0.0491499999999999,0.0523634046585975,-1.67,"elong + leech"
"110",-1.5,-0.1178,-0.0111207923796014,0.589999999999999,"elong + leech"
"111",-3,0.0243499999999999,0.0769559810825127,NA,"elong + leech"
"112",-7.5,-0.11195,0.0612823919637317,-2.24,"elong + leech"
"113",-7,-0.1213,0.0191753926459277,-2.07,"elong + leech"
"114",-7.5,0.00375000000000014,0.0371696819089705,-2.07,"elong + leech"
"115",1.5,0.0103499999999999,0.0242488578863818,-4.57,"elong + leech"
"116",-0.5,0.19735,0.047296516505678,-3.68,"elong + leech"
"117",-18,-0.0175500000000001,0.0108764137848539,0.51,"elong + leech"
"118",-18,-0.1812,0.0587589723870567,-3.36,"elong + leech"
"119",-4.5,-0.0226999999999998,0.0288921434542926,NA,"elong + leech"
"120",-3,-0.3279,0.0488348572227624,-3.45,"elong + leech"
"121",-6.5,-0.26285,0.0623070032665585,NA,"elong + leech"
"122",-7,-0.18235,0.0559285086584182,NA,"elong + leech"
"123",-2,-0.30465,0.00213994947842422,-3.11,"elong + leech"
"124",-4,0.10545,0.0551938683872359,NA,"elong + leech"
"125",-19,0.11945,-0.0188008858145922,NA,"elong + leech"
"126",-5,-0.0561500000000003,0.0110881661146455,-4.45,"elong + leech"
"127",-3,-0.0432,0.0508879202529662,NA,"elong + leech"
"128",-14,-0.0825999999999998,0.0258240220880471,NA,"elong + leech"
"129",-14,-0.1032,-0.0116877509352697,-6.18,"elong + leech"
"130",-2.5,-0.1352,0.059663268376366,-4.97,"elong + leech"
"131",-7.5,-0.0491499999999999,0.0547621481203336,-4.71,"elong + leech"
"132",-8,-0.2338,0.0418155478786772,-1.29,"elong + leech"
"133",-7,0.0271,0.0658721072663792,1.09,"elong + leech"
"134",1.5,-0.2338,0.0464578163806287,0.589999999999999,"elong + leech"
"135",0.5,-0.0107499999999999,0.0372934253472157,-5.76,"elong + leech"
"136",-6,0.0249499999999999,0.0258240220880471,-2.6,"elong + leech"
"137",-5.5,0.00665000000000004,0.0566910554124698,-5.66,"elong + leech"
"138",-7.5,-0.3279,0.0390847639460727,0.51,"elong + leech"
"139",-2,-0.1983,0.0372934253472157,-3.4,"elong + leech"
"140",-3,-0.05935,0.0769690237474687,-0.45,"elong + leech"
"141",-3.5,-0.0719000000000001,0.0714750124555119,-1.67,"elong + leech"
"142",-7,-0.0878500000000001,0.0226314048663055,-2.05,"elong + leech"
"143",-5,0.04275,0.0769559810825127,-3.68,"elong + leech"
"144",-1.5,0.0125999999999999,0.0602561594122905,-4.26,"elong + leech"
"145",-8,0.0845499999999999,0.0560981643765453,NA,"elong + leech"
"146",-6,-0.0400999999999998,0.0539083224632164,-3,"elong + leech"
"147",-2,0.19735,0.025102683543499,-1.79,"elong + leech"
"148",-7.5,-0.00734999999999997,-0.0232309896869297,-3.28,"elong + leech"
"149",-16,-0.4091,0.0824499923744695,1.19,"elong + leech"
"150",-18,-0.00734999999999997,0.0445289090884926,0.0600000000000005,"elong + leech"
"151",-4,-0.1638,0.0165687644513909,-1.29,"elong + leech"
"152",-3.5,-0.2018,-0.000590834454180234,-0.799999999999999,"elong + leech"
"153",2,-0.0561500000000003,0.0390847639460727,-1.19,"elong + leech"
"154",-5.5,-0.22815,0.0236818993307135,-4.78,"elong + leech"
"155",-18,0.0769500000000001,0.0316756706170137,-0.97,"elong + leech"
"156",-1.5,-0.0491499999999999,0.0637082818894431,-4.37,"elong + leech"
"157",-7.5,-0.0878500000000001,0.0236054965182652,NA,"elong + leech"
"158",-6,-0.0651999999999998,-0.00895696700266524,-2.62,"elong + leech"
"159",-1.5,0.0271,0.0191753926459277,-3.63,"elong + leech"
"160",-3.5,-0.30455,-0.0205002057543253,NA,"elong + leech"
"161",-2.5,0.0845499999999999,0.0547621481203336,0.589999999999999,"elong + leech"
"162",-2,-0.0491499999999999,-0.0232309896869297,-4.45,"elong + leech"
"163",-7.5,-0.0904499999999999,0.015518269986983,-1.19,"elong + leech"
"164",-3,-0.0665499999999999,0.0591185665867955,-5.4,"elong + leech"
"165",-1,-0.30465,0.00201620604017899,-2.5,"elong + leech"
"166",-3.5,0.0769500000000001,0.033728321347395,NA,"elong + leech"
"167",-15,-0.00140000000000007,0.0317994140552589,-4.42,"elong + leech"
"168",-6,-0.00705000000000011,0.0601431778896223,-3.96,"elong + leech"
"169",-7,-0.2018,0.0207750327896267,0.51,"elong + leech"
"170",-19.5,-0.2969,0.0372934253472157,-3.85,"elong + leech"
"171",0,0.0271,0.0223718996108945,-1.07,"elong + leech"
"172",-5.5,-0.0825999999999998,0.0236054965182652,NA,"elong + leech"
"173",-18.5,-0.1178,0.025102683543499,-1.84,"elong + leech"
"174",-19,0.0455500000000001,0.0602561594122905,-4.97,"elong + leech"
"175",-7.5,-0.0719000000000001,0.0587589723870567,-5.36,"elong + leech"
"176",-19.5,0.0595500000000001,-0.0160701018819878,-5.76,"elong + leech"
"177",-16.5,0.0829,-0.0232309896869297,-0.730000000000001,"elong + leech"
"178",-19.5,-0.0175500000000001,-0.0116877509352697,-3.1,"elong + leech"
"179",-3,-0.40315,0.0497391532120717,-5.16,"elong + leech"
"180",-3,-0.12955,0.0399890599353821,-5.76,"elong + leech"
"181",-18.5,-0.0825999999999998,0.0587589723870567,-2.6,"elong + leech"
"182",-19,-0.0255000000000002,0.0135893626948469,-3.68,"elong + leech"
"183",-5.5,0.0455500000000001,0.0207024975741694,NA,"elong + leech"
"184",-2,-0.2969,-0.0116877509352697,NA,"elong + leech"
"185",-3.5,-0.1457,0.0208747125856607,NA,"elong + leech"
"186",-14,-0.4265,0.0424647856538247,-3.85,"elong + leech"
"187",-7,-0.391,0.0547621481203336,-1.71,"elong + leech"
"188",-7,-0.16835,0.0632112992558678,NA,"elong + leech"
"189",-8,-0.0175500000000001,0.0543288685147192,0.419999999999999,"elong + leech"
"190",2,0.0692,0.0507637645148985,-2.24,"elong + leech"
"191",-3,0.0162999999999998,0.0551938683872359,-7.37,"elong + leech"
"192",-0.5,-0.0904499999999999,0.0723793084448212,NA,"elong + leech"
"193",-6,-0.12965,0.0236818993307135,NA,"elong + leech"
"194",-17.5,-0.2515,0.0294591020099609,-0.0100000000000007,"elong + leech"
"195",-6.5,-0.21045,0.0623070032665585,-0.27,"elong + leech"
"196",-5.5,0.0462500000000001,0.0603780959744223,-3.92,"elong + leech"
"197",-14.5,-0.2443,0.0285548060206515,-4.45,"elong + leech"
"198",-7,-0.1529,0.0226314048663055,-0.730000000000001,"elong + leech"
"199",2.5,0.0069499999999999,0.0488348572227624,NA,"elong + leech"
"200",-1,-0.00734999999999997,0.0489590129608301,-3.66,"elong + leech"
"201",-19.5,-0.1352,0.0164446087133233,-6.97,"elong + leech"
"202",-2.5,-0.4091,0.0258240220880471,-2.05,"elong + leech"
"203",-2,0.00375000000000014,0.0191753926459277,-5.16,"elong + leech"
"204",-2,-0.22415,0.0497391532120717,-2.71,"elong + leech"
"205",-3.5,-0.391,0.0135893626948469,-0.0100000000000007,"elong + leech"
"206",-7,-0.30455,0.0336045779091498,-7.01,"elong + leech"
"207",-8,0.10205,0.0215180739537773,-0.97,"elong + leech"
"208",-2,-0.1457,0.0192995483839954,-1.81,"elong + leech"
"209",-6,0.0243499999999999,0.0375095997444075,NA,"elong + leech"
"210",-8,-0.30455,0.0623070032665585,-3.28,"elong + leech"
"211",-2.5,-0.18575,-0.00895696700266524,-3.63,"elong + leech"
"212",-18,-0.1352,0.0603780959744223,-0.730000000000001,"elong + leech"
"213",-0.5,-0.2018,0.0615661591321094,0.849999999999999,"elong + leech"
"214",-20,-0.1638,0.0769690237474687,NA,"elong + leech"
"215",0,-0.30455,0.0523634046585975,-1.79,"elong + leech"
"216",-7.5,-0.0491499999999999,0.047296516505678,-3.11,"elong + leech"
"217",-7,0.0595500000000001,0.0566910554124698,NA,"elong + leech"
"218",-7,0.0243499999999999,0.0261965088661263,-1.47,"elong + leech"
"219",-3,-0.0904499999999999,0.0723793084448212,-4.8,"elong + leech"
"220",-3.5,-0.00140000000000007,0.0418155478786772,-0.97,"elong + leech"
"221",-2.5,0.0845499999999999,0.0164446087133233,-3.28,"elong + leech"
"222",-14.5,-0.0561500000000003,0.0603780959744223,NA,"elong + leech"
"223",-3,0.1114,0.0788848883746488,-1.4,"elong + leech"
"224",-2.5,-0.1387,0.059663268376366,-0.730000000000001,"elong + leech"
"225",-7.5,-0.0175500000000001,0.0610474738789317,-1.31,"elong + leech"
"226",-15.5,0.0103499999999999,-0.0205002057543253,NA,"elong + leech"
"227",-3.5,-0.0107499999999999,0.0460298896536455,0.589999999999999,"elong + leech"
"228",-3.5,-0.1624,0.0375095997444075,-3.11,"elong + leech"
"229",-5.5,-0.0561500000000003,0.0208747125856607,-5.76,"elong + leech"
"230",-2,-0.30455,0.0226314048663055,-2.5,"elong + leech"
"231",-15,-0.05935,0.0566910554124698,-3.28,"elong + leech"
"232",1,-0.1387,0.0551938683872359,-2.14,"elong + leech"
"233",-3.5,0.15555,0.0566910554124698,-6.61,"elong + leech"
"234",0,0.0604499999999998,-0.0111207923796014,-7.37,"elong + leech"
"235",-5.5,-0.22815,0.0516680605042078,-6.58,"elong + leech"
"236",-3,-0.2341,0.0110881661146455,-0.27,"elong + leech"
"237",-7,-0.0314500000000001,-0.0111207923796014,-1.76,"elong + leech"
"238",-3.5,-0.13225,0.0192995483839954,-6.97,"elong + leech"
"239",-14.5,0.0829,0.0192995483839954,-5.66,"elong + leech"
"240",-2,-0.18575,0.0615661591321094,-2.71,"elong + leech"
"241",-7.5,0.0069499999999999,0.00213994947842422,-2.14,"elong + leech"
"242",0,-0.0255000000000002,0.0288921434542926,NA,"elong + leech"
"243",-6.5,0.0696,0.0544530242527869,-4.02,"elong + leech"
"244",-2,0.00375000000000014,0.031622927386897,-1.83,"elong + leech"
"245",-5.5,-0.4265,0.0566910554124698,-0.0100000000000007,"elong + leech"
"246",-3.5,-0.0764499999999999,0.0523634046585975,-4.8,"elong + leech"
"247",-8,-0.0825999999999998,0.0240326834891901,NA,"elong + leech"
"248",-8,0.0985499999999999,0.0743082157369573,-4.26,"elong + leech"
"249",-5,0.0636500000000001,-0.000714577892425461,-3.85,"elong + leech"
"250",-3,0.10205,0.0164446087133233,NA,"elong + leech"
"251",-4,-0.1178,-0.000590834454180234,-1.81,"elong + leech"
"252",-1.5,0.0689,0.0690979716133783,-1.29,"elong + leech"
"253",-6.5,-0.18235,0.0294591020099609,-1.29,"elong + leech"
"254",-7.5,-0.0488500000000001,0.0623070032665585,-6.06,"elong + leech"
"255",0,0.0689,0.0646125778787524,-2.5,"elong + leech"
"256",-7,-0.21045,0.025102683543499,-5.16,"elong + leech"
"257",-3,-0.2969,0.0460298896536455,-3.11,"elong + leech"
"258",-7,-0.3146,-0.0205002057543253,-1.02,"elong + leech"
"259",-7.5,-0.01685,0.0390847639460727,-5.16,"elong + leech"
"260",-5,-0.1457,0.0824499923744695,-1.76,"elong + leech"
"261",-19,-0.40315,0.047296516505678,NA,"elong + leech"
"262",-14.5,0.0829,0.0464578163806287,NA,"elong + leech"
"263",-3,0.0769500000000001,0.0390847639460727,-4.05,"elong + leech"
"264",1.5,0.0636500000000001,-0.00895696700266524,-6.61,"elong + leech"
"265",-5.5,-0.1764,0.0544530242527869,-5.57,"elong + leech"
"266",-6.5,0.0462500000000001,0.0375095997444075,-1.47,"elong + leech"
"267",-3.5,0.0389499999999999,0.0587589723870567,-0.730000000000001,"elong + leech"
"268",-7.5,-0.3279,0.0207024975741694,NA,"elong + leech"
"269",-2,-0.0764499999999999,0.0240326834891901,0.51,"elong + leech"
"270",-15,0.0604499999999998,0.0192995483839954,-3.17,"elong + leech"
"271",-14.5,0.10225,0.0110881661146455,-0.0100000000000007,"elong + leech"
"272",-3.5,-0.3146,0.0317994140552589,-4.26,"elong + leech"
"273",-17.5,-0.1638,0.047296516505678,0.589999999999999,"elong + leech"
"274",-7.5,0.0696,0.0552331645040285,-6.06,"elong + leech"
"275",2,-0.0764499999999999,0.0497391532120717,-6.18,"elong + leech"
"276",-3,0.0829,0.0587589723870567,-2.57,"elong + leech"
"277",-5,0.1254,0.0240326834891901,-3.97,"elong + leech"
"278",-7,-0.24885,-0.00895696700266524,-1.47,"elong + leech"
"279",-15.5,0.0162999999999998,0.0690979716133783,-3.11,"elong + leech"
"280",-3,-0.2164,0.0560981643765453,-1.88,"elong + leech"
"281",-2.5,0.21135,0.0516680605042078,NA,"elong + leech"
"282",-3,-0.0400999999999998,0.0723793084448212,NA,"elong + leech"
"283",-6,-0.1638,0.0824499923744695,-0.97,"elong + leech"
"284",-2.5,-0.16835,0.0539083224632164,-5.4,"elong + leech"
"285",-2.5,0.10545,0.0405358783616886,-0.0100000000000007,"elong + leech"
"286",2.5,-0.0491499999999999,0.0623070032665585,-3.11,"elong + leech"
"287",-19,-0.22815,0.0778733197367781,-3.97,"elong + leech"
"288",-14.5,-0.1387,-0.0111207923796014,-2.05,"elong + leech"
"289",-15,-0.0904499999999999,0.072663075613199,0.419999999999999,"elong + leech"
"290",-18.5,-0.2338,0.0623070032665585,NA,"elong + leech"
"291",0,0.0302999999999998,-0.0188008858145922,-3.68,"elong + leech"
"292",-17,-0.4896,0.0405358783616886,-4.71,"elong + leech"
"293",-3.5,-0.1983,0.0504344973664613,-2.71,"elong + leech"
"294",-19,-0.0255000000000002,0.0541692570844092,-1.47,"elong + leech"
"295",-15.5,0.11305,-0.0232309896869297,-1.84,"elong + leech"
"296",-4,-0.40315,0.0623070032665585,-0.799999999999999,"elong + leech"
"297",-2,0.11945,0.0294591020099609,-2.31,"elong + leech"
"298",-2,-0.0436,0.0375095997444075,-3.1,"elong + leech"
"299",-7,-0.1032,0.0375095997444075,0.51,"elong + leech"
"300",-2.5,0.0389499999999999,-0.0111207923796014,-4.37,"elong + leech"
"301",-15,0.0696,0.0714750124555119,-3.96,"elong + leech"
"302",-16.5,0.0604499999999998,0.020079688635237,-2.05,"elong + leech"
"303",-17,0.0302999999999998,0.0516680605042078,-0.330000000000002,"elong + leech"
"304",-3,-0.1213,0.0559285086584182,-3.23,"elong + leech"
"305",-2.5,0.0302999999999998,0.0464578163806287,-6.97,"elong + leech"
"306",1.5,0.0069499999999999,0.059663268376366,-1.29,"elong + leech"
"307",-3.5,-0.0436,0.0236054965182652,-1.83,"elong + leech"
"308",-5.5,-0.30455,0.0488348572227624,-5,"elong + leech"
"309",-5,0.0880500000000001,0.0424647856538247,-0.45,"elong + leech"
"310",-2.5,-0.11195,0.0258240220880471,-1.79,"elong + leech"
"311",-5.5,-0.0561500000000003,0.0594023337551733,-4.02,"elong + leech"
"312",-19.5,0.10545,0.0258240220880471,NA,"elong + leech"
"313",-2,-0.1529,0.0217790085749701,-0.27,"elong + leech"
"314",-14.5,-0.00140000000000007,0.0632112992558678,-4.4,"elong + leech"
"315",-18.5,-0.2182,0.0148694445116579,0.589999999999999,"elong + leech"
"316",0,0.10545,0.0146532701144663,1.49,"elong + leech"
"317",-4,0.0769500000000001,0.0236054965182652,-0.45,"elong + leech"
"318",2.5,-0.40315,0.0551938683872359,1.19,"elong + leech"
"319",-5,0.11625,0.0180442488570222,NA,"elong + leech"
"320",-18,0.0455500000000001,0.025102683543499,-0.890000000000001,"elong + leech"
"321",-3,0.0249499999999999,0.034778815811803,1.07,"elong + leech"
"322",-15,0.10545,0.0543288685147192,-3.45,"elong + leech"
"323",-2.5,0.0692,0.0558372297553525,NA,"elong + leech"
"324",-2,-0.0904499999999999,0.00814562985224948,-3,"elong + leech"
"325",-3.5,-0.1178,0.0580010551322887,-2.65,"elong + leech"
"326",-6.5,-0.0175500000000001,0.0405358783616886,-4.4,"elong + leech"
"327",-5.5,0.1114,0.0667764032556886,-1.83,"elong + leech"
"328",-7.5,-0.05935,0.0507637645148985,-3.85,"elong + leech"
"329",-3.5,-0.19975,0.0541692570844092,-2.62,"elong + leech"
"330",-2,-0.00705000000000011,0.0788848883746488,-3.97,"elong + leech"
"331",-3,-0.216,0.0190833739868038,-2.74,"elong + leech"
"332",-7,0.10205,0.0418155478786772,NA,"elong + leech"
"333",-7,-0.26285,0.0587589723870567,-4.57,"elong + leech"
"334",2,-0.30455,0.0587589723870567,-0.97,"elong + leech"
"335",-7.5,-0.0247499999999999,0.073403919747648,-2.62,"elong + leech"
"336",-3,-0.0738500000000001,0.0623070032665585,-4.45,"elong + leech"
"337",-4.5,-0.0488500000000001,0.0191753926459277,-3.92,"elong + leech"
"338",-6,-0.2338,0.0551938683872359,-6.61,"elong + leech"
"339",-3.5,0.21135,0.0375095997444075,-2.6,"elong + leech"
"340",-7.5,-0.40315,0.0464578163806287,-3.85,"elong + leech"
"341",-7,0.0302999999999998,0.0390847639460727,-1.31,"elong + leech"
"342",-7.5,-0.3146,0.0769559810825127,0.589999999999999,"elong + leech"
"343",-7.5,-0.15785,0.0185386721972333,-3.45,"elong + leech"
"344",-17.5,0.1254,0.0204675794893694,NA,"elong + leech"
"345",-3.5,-0.22415,-0.0138515763122058,3.75,"elong + leech"
"346",-8,0.0267000000000001,0.00213994947842422,-1.4,"elong + leech"
"347",-6,-0.00355000000000005,0.0108764137848539,-3.68,"elong + leech"
"348",-6.5,0.0103499999999999,0.0508879202529662,-1.88,"elong + leech"
"349",-2.5,0.0462500000000001,0.0615661591321094,1.49,"elong + leech"
"350",-2,-0.00734999999999997,0.0121386605790535,NA,"elong + leech"
"351",-2,0.04275,0.0507637645148985,-1.41,"elong + leech"
"352",-3.5,-0.0764499999999999,0.0646125778787524,-1.67,"elong + leech"
"353",-3,-0.40315,0.0488348572227624,-0.890000000000001,"elong + leech"
"354",-2.5,-0.0701500000000003,0.0399890599353821,NA,"elong + leech"
"355",-16.5,-0.1529,0.0285548060206515,NA,"elong + leech"
"356",-19,-0.1638,0.0279878474649832,-4.06,"elong + leech"
"357",-3.5,-0.0719000000000001,0.0180442488570222,NA,"elong + leech"
"358",-6.5,0.15485,0.0427198438679866,3.75,"elong + leech"
"359",-19,-0.1178,0.073403919747648,-3.96,"elong + leech"
"360",-2.5,-0.1529,-0.000714577892425461,0.419999999999999,"elong + leech"
"361",3,-0.3105,0.0547621481203336,NA,"elong + leech"
"362",-6.5,0.0243499999999999,0.0646125778787524,-4.42,"elong + leech"
"363",-7.5,-0.24885,0.0261965088661263,NA,"elong + leech"
"364",-1,-0.19975,0.0582142705974862,-5.4,"elong + leech"
"365",-3.5,-0.0738500000000001,0.0508879202529662,-4.05,"elong + leech"
"366",-19,0.0389499999999999,0.0504344973664613,-2.71,"elong + leech"
"367",-5.5,0.15555,0.0418155478786772,-3.6,"elong + leech"
"368",-7,-0.18575,0.0236054965182652,-6.06,"elong + leech"
"369",-8,0.16885,0.0180442488570222,NA,"elong + leech"
"370",-18.5,-0.12965,-0.000714577892425461,-3.66,"elong + leech"
"371",-8,-0.01685,-0.0111207923796014,-4.37,"elong + leech"
"372",-2.5,0.0271,0.0390847639460727,1.09,"elong + leech"
"373",-3.5,-0.18575,0.0146532701144663,-0.890000000000001,"elong + leech"
"374",-20,0.00665000000000004,0.0390847639460727,-1.31,"elong + leech"
"375",-7.5,-0.19975,0.0146532701144663,-3.6,"elong + leech"
"376",-2,0.0595500000000001,0.0192995483839954,0.589999999999999,"elong + leech"
"377",-3.5,-0.12965,0.0632112992558678,-1.4,"elong + leech"
"378",1.5,-0.2018,0.0185386721972333,NA,"elong + leech"
"379",-2,-0.18575,0.0371696819089705,-4.26,"elong + leech"
"380",2,-0.4896,-0.00895696700266524,-2.31,"elong + leech"
"381",-2,-0.0878500000000001,0.0242488578863818,NA,"elong + leech"
"382",-3,-0.19975,0.0399890599353821,-4.4,"elong + leech"
"383",-1.5,-0.12965,0.0165687644513909,-4.97,"elong + leech"
"384",-5,-0.12965,-0.0160701018819878,-7.01,"elong + leech"
"385",-14,0.0604499999999998,0.015518269986983,-1.67,"elong + leech"
"386",-5.5,0.0271,0.0544530242527869,-6.61,"elong + leech"
"387",-3,0.0249499999999999,0.0504344973664613,-3.23,"elong + leech"
"388",-2,-0.2338,-0.0188008858145922,-2.65,"elong + leech"
"389",1.5,0.0211500000000001,0.0769559810825127,-1.4,"elong + leech"
"390",-8,-0.11185,0.0824499923744695,-4.76,"elong + leech"
"391",-2.5,-0.30465,0.0566910554124698,NA,"elong + leech"
"392",-4.5,-0.0665499999999999,0.0769559810825127,-3.1,"elong + leech"
"393",-6,0.15485,0.0236054965182652,-2.26,"elong + leech"
"394",-3.5,-0.2182,0.0445289090884926,-5.57,"elong + leech"
"395",-3,-0.0255000000000002,0.0242488578863818,-0.45,"elong + leech"
"396",-6,-0.30455,0.0560721478401526,NA,"elong + leech"
"397",-3,0.0689,0.0560721478401526,-5.76,"elong + leech"
"398",-4.5,-0.00355000000000005,0.031622927386897,-2.05,"elong + leech"
"399",-7,-0.1812,0.0148694445116579,-0.890000000000001,"elong + leech"
"400",-18,-0.00140000000000007,0.0582142705974862,1.37,"elong + leech"
"401",-15,0.0829,0.0824499923744695,NA,"elong + leech"
"402",-3.5,-0.1812,0.0215180739537773,-1.02,"elong + leech"
"403",-7.5,-0.1983,0.0560981643765453,-4.45,"elong + leech"
"404",1.5,-0.0107499999999999,0.0279878474649832,-4.37,"elong + leech"
"405",-3.5,-0.216,0.0543288685147192,NA,"elong + leech"
"406",-8,-0.0719000000000001,0.0148694445116579,NA,"elong + leech"
"407",-6,-0.30455,0.0778733197367781,NA,"elong + leech"
"408",-4.5,0.0636500000000001,0.0552331645040285,NA,"elong + leech"
"409",-17,-0.1422,0.0504344973664613,-1.71,"elong + leech"
"410",-3.5,-0.01685,0.031622927386897,NA,"elong + leech"
"411",-5.5,0.11945,0.0602561594122905,-4.97,"elong + leech"
"412",1,-0.05935,0.0464578163806287,-1.81,"elong + leech"
"413",-1,-0.00140000000000007,0.0236054965182652,NA,"elong + leech"
"414",-7.5,-0.0400999999999998,0.0547621481203336,2.89,"elong + leech"
"415",-14,-0.2164,0.0405358783616886,-4.37,"elong + leech"
"416",-3,-0.0738500000000001,0.025102683543499,NA,"elong + leech"
"417",-19,-0.18575,0.034778815811803,-2.05,"elong + leech"
"418",1.5,0.0769500000000001,0.0560721478401526,-7.37,"elong + leech"
"419",-2.5,-0.0294000000000001,0.0223718996108945,-3.23,"elong + leech"
"420",-7.5,-0.00705000000000011,-0.00895696700266524,0.589999999999999,"elong + leech"
"421",-15,-0.24885,-0.0116877509352697,1.09,"elong + leech"
"422",-2.5,0.10545,0.0267283180773564,-6.18,"elong + leech"
"423",-5,-0.30465,0.0180442488570222,-4.57,"elong + leech"
"424",-3,-0.1032,0.0217790085749701,-4.26,"elong + leech"
"425",-1,-0.0738500000000001,0.0602561594122905,NA,"elong + leech"
"426",-5.5,-0.0904499999999999,0.0091592588225094,-4.71,"elong + leech"
"427",-7,-0.40315,0.0135893626948469,-3.68,"elong + leech"
"428",2.5,-0.00140000000000007,0.0544530242527869,-1.88,"elong + leech"
"429",-7,-0.40315,0.0552331645040285,NA,"elong + leech"
"430",-2.5,0.11625,0.0121386605790535,-1.84,"elong + leech"
"431",-6,0.0125999999999999,0.0148694445116579,-5.4,"elong + leech"
"432",-2.5,0.0595500000000001,0.0769690237474687,NA,"elong + leech"
"433",-18.5,-0.00140000000000007,0.0769559810825127,1.37,"elong + leech"
"434",-2.5,-0.16835,0.0547621481203336,-3.97,"elong + leech"
"435",-3.5,-0.2338,0.0547621481203336,-2.07,"elong + leech"
"436",-3,-0.00140000000000007,0.0217790085749701,-0.45,"elong + leech"
"437",-2.5,-0.3146,0.0523634046585975,-4.02,"elong + leech"
"438",-8,-0.0561500000000003,0.0307186313975877,0.329999999999999,"elong + leech"
"439",1.5,-0.216,0.0566910554124698,NA,"elong + leech"
"440",-0.5,-0.0651999999999998,0.020079688635237,1.07,"elong + leech"
"441",-6.5,-0.1032,0.0191753926459277,-4.76,"elong + leech"
"442",-6.5,-0.18575,0.0743082157369573,-6.06,"elong + leech"
"443",-7.5,-0.0247499999999999,0.0371696819089705,-5.76,"elong + leech"
"444",-5.5,0.0249499999999999,0.0558372297553525,-5.21,"elong + leech"
"445",-15,-0.0314500000000001,0.0190833739868038,-0.44,"elong + leech"
"446",-7.5,0.11945,0.0399890599353821,-1.88,"elong + leech"
"447",-6.5,-0.1422,-0.0188008858145922,-1.67,"elong + leech"
"448",-6.5,0.0243499999999999,0.0552331645040285,-2.57,"elong + leech"
"449",-19.5,0.21135,0.0500229203804495,NA,"elong + leech"
"450",-5.5,-0.05935,0.0405358783616886,-1.19,"elong + leech"
"451",-2.5,-0.0825999999999998,0.0667764032556886,-4.4,"elong + leech"
"452",-1,0.0389499999999999,0.0208747125856607,-4.26,"elong + leech"
"453",-6,-0.3172,-0.0160701018819878,NA,"elong + leech"
"454",-3.5,-0.1245,0.0769559810825127,-4.57,"elong + leech"
"455",-4,-0.3279,0.0215180739537773,-6.61,"elong + leech"
"456",-6,0.10545,0.0602561594122905,-5.57,"elong + leech"
"457",-18.5,-0.0878500000000001,0.025102683543499,-2.26,"elong + leech"
"458",-15,0.0696,0.0788848883746488,-1.31,"elong + leech"
"459",-16.5,-0.0432,0.0279878474649832,-4.42,"elong + leech"
"460",-2.5,-0.2018,0.0594023337551733,-0.0100000000000007,"elong + leech"
"461",-15.5,-0.4265,0.0236818993307135,-4.06,"elong + leech"
"462",-2.5,0.0211500000000001,0.0566910554124698,-4.05,"elong + leech"
"463",-3,-0.0561500000000003,0.0285548060206515,2.89,"elong + leech"
"464",-2.5,0.0636500000000001,-0.0111207923796014,NA,"elong + leech"
"465",-18.5,-0.2443,0.0504344973664613,NA,"elong + leech"
"466",-0.5,-0.01685,0.0261965088661263,-4.42,"elong + leech"
"467",-2.5,-0.1638,0.0587589723870567,-5.76,"elong + leech"
"468",-3,0.21135,0.0294591020099609,-2.07,"elong + leech"
"469",-7.5,0.10225,0.00213994947842422,-4.02,"elong + leech"
"470",-1.5,-0.3146,0.0204675794893694,-4.35,"elong + leech"
"471",-6.5,-0.4265,0.0714750124555119,-3.85,"elong + leech"
"472",-19,-0.18575,0.0543288685147192,-3.28,"elong + leech"
"473",-7.5,0.00375000000000014,0.0489590129608301,-3.45,"elong + leech"
"474",-7.5,-0.3172,0.0632112992558678,-4.35,"elong + leech"
"475",-1,-0.0400999999999998,0.0173489047026326,-5.36,"elong + leech"
"476",-2.5,0.19735,0.0445657325730736,NA,"elong + leech"
"477",-6,-0.22415,0.0580010551322887,-2.5,"elong + leech"
"478",-7.5,-0.13225,0.072663075613199,-2.07,"elong + leech"
"479",-18.5,-0.1638,0.0399890599353821,-1.41,"elong + leech"
"480",-2.5,-0.3105,0.0245097925075745,-1.31,"elong + leech"
"481",-7,-0.0314500000000001,0.0532649610950998,3.75,"elong + leech"
"482",-7,-0.13225,0.0226314048663055,-1.76,"elong + leech"
"483",-7.5,0.11625,0.0445289090884926,-0.799999999999999,"elong + leech"
"484",-7.5,-0.0738500000000001,-0.000590834454180234,NA,"elong + leech"
"485",-4,-0.24885,0.0551938683872359,-2.31,"elong + leech"
"486",-7,0.0689,0.0418155478786772,-3.96,"elong + leech"
"487",-6,0.0985499999999999,0.0488348572227624,-2.62,"elong + leech"
"488",-6.5,0.0125999999999999,-0.00895696700266524,-5.21,"elong + leech"
"489",-1.5,0.0267000000000001,0.0204675794893694,-3.6,"elong + leech"
"490",-2.5,-0.22815,0.0261965088661263,-2.57,"elong + leech"
"491",-14,-0.05935,0.0500229203804495,-1.07,"elong + leech"
"492",0,0.19735,0.0418155478786772,1.19,"elong + leech"
"493",-15,-0.0764499999999999,0.0488348572227624,2.89,"elong + leech"
"494",-17.5,-0.18575,0.0541692570844092,NA,"elong + leech"
"495",-4,-0.1812,0.0743082157369573,NA,"elong + leech"
"496",-15.5,-0.11195,0.0427198438679866,0.419999999999999,"elong + leech"
"497",-7.5,0.04275,0.0464578163806287,-4.37,"elong + leech"
"498",-3.5,-0.18575,0.0204675794893694,NA,"elong + leech"
"499",-6,-0.3172,0.0523634046585975,NA,"elong + leech"
"500",-7.5,-0.2969,0.0445657325730736,-3.17,"elong + leech"
"501",3.5,-0.14745,-0.0988498567369355,-0.475,"elong + tab"
"502",0.5,-0.276949999999999,-0.0264504503695381,1.615,"elong + tab"
"503",0.5,-1.1086,-0.0784799925430538,-2.075,"elong + tab"
"504",4,0.0817000000000001,-0.0990887107900277,1.54,"elong + tab"
"505",-8.5,-0.994699999999999,-0.0436770526104779,-0.0999999999999999,"elong + tab"
"506",-8.5,-0.35745,0.0632412867309615,-2.4,"elong + tab"
"507",-0.5,-0.1283,0.0268008698380353,-3.805,"elong + tab"
"508",-1.5,-0.0548999999999995,-0.077222985270108,2.94,"elong + tab"
"509",-4.5,0.2234,-0.0552963049646867,-0.080000000000001,"elong + tab"
"510",-1.5,0.16765,0.0152576310863753,3.23,"elong + tab"
"511",-1.5,0.13265,-0.00608058617565632,3.23,"elong + tab"
"512",-8.5,-1.0475,-0.0142029922774344,0.155,"elong + tab"
"513",-3,-1.28695,-0.0528581955941535,2.105,"elong + tab"
"514",-4,-0.0374999999999995,-0.118423696861257,0.33,"elong + tab"
"515",-0.5,0.32015,-0.0580883360795177,-3.77,"elong + tab"
"516",-2.5,-0.03815,-0.0522299898562586,1.99,"elong + tab"
"517",-6.5,0.0991000000000001,0.0268008698380353,3.43,"elong + tab"
"518",0,0.0511500000000003,-0.0919755759107052,2.49,"elong + tab"
"519",-7.5,0.2968,0.0626130809930667,-2.46,"elong + tab"
"520",-3.5,-0.0374999999999995,-0.0990887107900277,2.03,"elong + tab"
"521",-4,0.463,-0.034926440770805,-1.3,"elong + tab"
"522",-5.5,0.11535,-0.0784799925430538,-0.794999999999999,"elong + tab"
"523",-4.5,-0.14645,-0.0299771312684186,1.99,"elong + tab"
"524",-3,0.16665,-0.041594186621522,-1.52,"elong + tab"
"525",-1.5,-0.276949999999999,-0.0533956603564114,-0.114999999999999,"elong + tab"
"526",-8,-0.18505,-0.00608058617565632,-1.03,"elong + tab"
"527",-1.5,-0.14645,-0.0654907317142843,-2.745,"elong + tab"
"528",-11.5,-0.35745,-0.0760358155891609,2.765,"elong + tab"
"529",-11.5,0.0757500000000002,0.0268008698380353,1.975,"elong + tab"
"530",-4,0.2803,-0.102170002660303,-1.46,"elong + tab"
"531",-2.5,-0.97135,-0.0750591598931719,3.575,"elong + tab"
"532",-10.5,-1.19505,0.0581829771207292,-2.31,"elong + tab"
"533",0,0.4527,-0.0393565446431424,-1.52,"elong + tab"
"534",1.5,0.25855,-0.0748701450890081,-2.98,"elong + tab"
"535",0.5,-0.0374999999999995,-0.0392469487381404,-0.349999999999999,"elong + tab"
"536",-11,-0.994699999999999,-0.100006177283367,1.165,"elong + tab"
"537",-11.5,-1.1995,-0.0167163894103929,5.81,"elong + tab"
"538",-1,-0.202449999999999,0.0196877349587127,2.91,"elong + tab"
"539",-12.5,0.32015,-0.0574601303416229,0.33,"elong + tab"
"540",-1.5,0.22355,0.110297192686522,-2.525,"elong + tab"
"541",-11.5,0.4061,0.0246370444610991,3.255,"elong + tab"
"542",0.5,-0.1791,-0.0639622434120823,6.155,"elong + tab"
"543",-4,0.0288999999999999,0.0010325487036662,-2.76,"elong + tab"
"544",-9,-0.967,0.110297192686522,-2.24,"elong + tab"
"545",-11,-0.14745,0.0010325487036662,-2.24,"elong + tab"
"546",-1.5,-0.14745,-0.106880458109597,-2.24,"elong + tab"
"547",0,-0.276949999999999,-0.0552963049646867,5.81,"elong + tab"
"548",1,-0.994699999999999,-0.0829100964153912,-2.525,"elong + tab"
"549",-7,-0.0931499999999996,-0.102170002660303,5.32,"elong + tab"
"550",-12,-0.97135,0.0808231323534787,0.53,"elong + tab"
"551",-8,0.16665,0.0268008698380353,5.215,"elong + tab"
"552",-3.5,-0.11865,0.0447720671453551,-3.175,"elong + tab"
"553",-8.5,-0.202449999999999,-0.0460242904938595,-1.3,"elong + tab"
"554",0.5,0.0573500000000002,-0.00113127667326995,1.525,"elong + tab"
"555",-11.5,-0.0931499999999996,-0.0436770526104779,1.975,"elong + tab"
"556",3.5,-1.13195,-0.0829100964153912,-1.29,"elong + tab"
"557",-7.5,0.25855,-0.0941394012876413,-1.79,"elong + tab"
"558",0,0.0920000000000001,0.0196877349587127,-3.61,"elong + tab"
"559",-4.5,-0.8854,0.0632412867309615,-0.794999999999999,"elong + tab"
"560",-3.5,-0.20955,-0.0866023986448318,1.54,"elong + tab"
"561",-2.5,0.3608,0.0084371629553151,1.885,"elong + tab"
"562",1.5,0.3142,0.0808231323534787,3.285,"elong + tab"
"563",-9,0.0544000000000003,-0.0366448771191357,1.97,"elong + tab"
"564",-8,-1.28595,-0.0460242904938595,-3.09,"elong + tab"
"565",-7,0.4061,0.0632412867309615,-2.31,"elong + tab"
"566",0.5,0.0817000000000001,-0.118423696861257,1.975,"elong + tab"
"567",-0.5,-0.00474999999999992,-0.103518814662365,-1.715,"elong + tab"
"568",-5.5,0.0511500000000003,0.0268008698380353,1.54,"elong + tab"
"569",-4,0.10505,-0.0760358155891609,0.85,"elong + tab"
"570",-8.5,-1.13195,-0.0713668576637312,-0.0999999999999999,"elong + tab"
"571",-1.5,0.0991000000000001,-0.0460242904938595,1.615,"elong + tab"
"572",-1,-0.00574999999999992,-0.0639622434120823,-0.114999999999999,"elong + tab"
"573",-3.5,0.3958,-0.0210368973777284,2.42,"elong + tab"
"574",-4,0.22455,-0.066656402214437,-2.82,"elong + tab"
"575",-11,-0.14645,0.070354421610284,-4.165,"elong + tab"
"576",-9.5,0.1386,0.0681905962333479,-3.375,"elong + tab"
"577",-0.5,0.2803,-0.0760358155891609,-2.46,"elong + tab"
"578",0.5,-1.11455,-0.110393095488595,0.93,"elong + tab"
"579",1,0.191,-0.100006177283367,5.665,"elong + tab"
"580",-0.5,-1.1995,-0.0829100964153912,-4.4,"elong + tab"
"581",-9,-0.967,-0.0784799925430538,-3.61,"elong + tab"
"582",-7,-1.11455,-0.0674677494542416,-4.04,"elong + tab"
"583",1.5,0.36675,-0.02338413526111,5.215,"elong + tab"
"584",3,0.22355,-0.077222985270108,-0.794999999999999,"elong + tab"
"585",1,-0.0931499999999996,0.0808231323534787,-2.31,"elong + tab"
"586",-6.5,-0.96105,-0.0808786594296157,-2.15,"elong + tab"
"587",-4,-1.22285,-0.0167163894103929,0.85,"elong + tab"
"588",3.5,0.0747500000000002,-0.0990887107900277,-3.535,"elong + tab"
"589",-0.5,0.13165,0.0681905962333479,-2.745,"elong + tab"
"590",-4.5,0.0288999999999999,-0.037993689121198,-4.24,"elong + tab"
"591",-11.5,-0.0322,-0.106880458109597,1.63,"elong + tab"
"592",-4,-0.18405,-0.043048846872583,1.09,"elong + tab"
"593",-4.5,-0.0418499999999996,-0.077222985270108,-1.735,"elong + tab"
"594",-8.5,-1.0578,-0.0533956603564114,-1.3,"elong + tab"
"595",-8.5,-1.0475,-0.0750591598931719,-2.225,"elong + tab"
"596",-1.5,-0.03815,-0.0386187430002456,-0.710000000000001,"elong + tab"
"597",-4,0.0511500000000003,0.0378977863191248,1.825,"elong + tab"
"598",-7.5,-0.1791,-0.0441993884835972,-2.24,"elong + tab"
"599",0,0.2968,-0.0713668576637312,5.215,"elong + tab"
"600",-7.5,0.22355,0.0447720671453551,1.305,"elong + tab"
"601",-6.5,-0.1231,-0.0630376455819041,1.87,"elong + tab"
"602",-2.5,0.14925,-0.075498350826903,-0.274999999999999,"elong + tab"
"603",-3.5,-0.00474999999999992,-0.0393565446431424,2.91,"elong + tab"
"604",-4,0.32015,-0.0286142757464742,2.91,"elong + tab"
"605",-3.5,-1.2005,-0.075298013946264,0.0800000000000001,"elong + tab"
"606",-8.5,0.0544000000000003,-0.066656402214437,-0.46,"elong + tab"
"607",1,-1.2005,-0.0704400412166707,2.91,"elong + tab"
"608",-10.5,-0.1791,0.0876570374537727,2.465,"elong + tab"
"609",-0.5,-0.18505,-0.105962991616258,-0.475,"elong + tab"
"610",-8,0.22455,-0.111549416035027,-1,"elong + tab"
"611",-2.5,-1.20545,-0.041594186621522,2.49,"elong + tab"
"612",-8,-0.293349999999999,0.0246370444610991,1.09,"elong + tab"
"613",1,-0.293349999999999,-0.075298013946264,5.32,"elong + tab"
"614",-0.5,-1.2005,-0.0644925768375009,5.665,"elong + tab"
"615",-12.5,0.22355,-0.00113127667326995,2.42,"elong + tab"
"616",-4,0.0583500000000002,-0.0580883360795177,-3.88,"elong + tab"
"617",-1.5,0.16665,-0.00265975352577441,-0.869999999999999,"elong + tab"
"618",-4,-0.96105,0.0992002762054327,2.91,"elong + tab"
"619",-9.5,-0.8751,-0.0393565446431424,2.48,"elong + tab"
"620",-1.5,-0.14745,-0.0167163894103929,-3.61,"elong + tab"
"621",1,0.16765,-0.0716057117168234,-4.24,"elong + tab"
"622",-9.5,-0.276949999999999,-0.0988498567369355,-2.165,"elong + tab"
"623",-9.5,0.1376,0.0121294651847557,6.155,"elong + tab"
"624",-4.5,0.3039,-0.118423696861257,-1.97,"elong + tab"
"625",-3.5,0.1376,-0.0580883360795177,-2.6,"elong + tab"
"626",-7.5,-0.21055,-0.113993592988919,-1.29,"elong + tab"
"627",-4.5,0.0185999999999999,-0.0735306830406674,1.305,"elong + tab"
"628",-2.5,-0.994699999999999,-0.0941394012876413,2.03,"elong + tab"
"629",-9,0.0920000000000001,-0.0829100964153912,-3.77,"elong + tab"
"630",0,0.0807000000000001,-0.0335635852488606,-1.3,"elong + tab"
"631",-4,0.3608,-0.057087962585852,-1.45,"elong + tab"
"632",-3.5,-1.0578,-0.0393565446431424,-2.4,"elong + tab"
"633",3.5,0.3608,-0.103518814662365,3.255,"elong + tab"
"634",0,0.14925,-0.075298013946264,-1.79,"elong + tab"
"635",3,-0.26555,-0.0716057117168234,0.33,"elong + tab"
"636",-1.5,0.3608,-0.0306053370063134,-0.794999999999999,"elong + tab"
"637",-1.5,-0.96105,-0.118423696861257,4.87,"elong + tab"
"638",-3,-1.28695,-0.0559245107025815,-1.46,"elong + tab"
"639",-7.5,-0.13005,-0.0366448771191357,2.105,"elong + tab"
"640",-3,-0.984399999999999,-0.0460242904938595,-3.45,"elong + tab"
"641",-2.5,0.11525,0.0084371629553151,-3.77,"elong + tab"
"642",-4.5,-0.293349999999999,0.0632412867309615,0.515000000000001,"elong + tab"
"643",0.5,0.36675,-0.0264504503695381,3.255,"elong + tab"
"644",0.5,0.3039,-0.0552963049646867,2.835,"elong + tab"
"645",2.5,-1.2005,-0.105962991616258,-2.98,"elong + tab"
"646",-4.5,-0.11865,-0.0386187430002456,-2.6,"elong + tab"
"647",1,-1.1086,-0.034297639235754,-1.29,"elong + tab"
"648",-1.5,0.20615,-0.0278133058914825,-1.585,"elong + tab"
"649",-5,0.0817000000000001,-0.034297639235754,1.885,"elong + tab"
"650",-3.5,-0.0381499999999999,-0.0808786594296157,-2.165,"elong + tab"
"651",-4,0.3711,-0.077222985270108,-0.839999999999999,"elong + tab"
"652",-3,-0.35745,-0.0399847503810373,-3.375,"elong + tab"
"653",-0.5,-0.18405,-0.0386187430002456,-2.82,"elong + tab"
"654",-1,0.2968,-0.0713668576637312,2.12,"elong + tab"
"655",-3.5,0.3039,-0.0668395437163467,1.99,"elong + tab"
"656",0,0.0747500000000002,-0.0552963049646867,1.09,"elong + tab"
"657",-2.5,0.0583500000000002,-0.107119312162689,-2.855,"elong + tab"
"658",1.5,0.3711,0.0581829771207292,-1.29,"elong + tab"
"659",0,0.10505,-0.0522299898562586,0.96,"elong + tab"
"660",-4,0.4527,-0.034297639235754,3.43,"elong + tab"
"661",-11,-0.0548999999999995,-0.0386187430002456,0.155,"elong + tab"
"662",-1,0.3142,0.0084371629553151,2.42,"elong + tab"
"663",0,0.1094,-0.0654907317142843,1.97,"elong + tab"
"664",-6.5,0.0757500000000002,-0.0278133058914825,2.825,"elong + tab"
"665",-3.5,-0.18505,0.0876570374537727,-1.36,"elong + tab"
"666",-3.5,0.11525,0.0336751506642656,-2.165,"elong + tab"
"667",-6.5,-0.0322,-0.0286142757464742,2.825,"elong + tab"
"668",-8.5,0.1376,-0.0866023986448318,-1.81,"elong + tab"
"669",-1.5,-0.27,0.0681905962333479,0.93,"elong + tab"
"670",-8.5,0.2906,0.0697262158723893,-1.81,"elong + tab"
"671",0,-0.1791,-0.077222985270108,-1.36,"elong + tab"
"672",-0.5,-1.1086,-0.00608058617565632,2.835,"elong + tab"
"673",-3.5,-0.271,-0.102170002660303,1.18,"elong + tab"
"674",1,-0.994699999999999,-0.0866023986448318,1.54,"elong + tab"
"675",2.5,0.16665,-0.0528581955941535,-1.29,"elong + tab"
"676",-4.5,0.16765,-0.0580883360795177,-2.98,"elong + tab"
"677",-4.5,-1.22285,0.0814513380913736,-1.735,"elong + tab"
"678",-4,0.0861500000000001,-0.0710682469545655,0.515000000000001,"elong + tab"
"679",0,-0.1791,0.0315113252873295,-0.46,"elong + tab"
"680",1.5,-0.1791,-0.0392469487381404,-3.45,"elong + tab"
"681",1,0.0521500000000003,-0.0315056081209231,1.87,"elong + tab"
"682",0.5,-0.276949999999999,0.0920871413261102,2.42,"elong + tab"
"683",-9,-0.0322,0.0632412867309615,2.105,"elong + tab"
"684",-6.5,0.22355,-0.0366448771191357,1.305,"elong + tab"
"685",-9,-0.11865,-0.0919755759107052,0.245000000000001,"elong + tab"
"686",-4,0.0511500000000003,-0.102170002660303,3.255,"elong + tab"
"687",-0.5,0.22455,-0.0355546465086998,0.0800000000000001,"elong + tab"
"688",0.5,0.0521500000000003,-0.0355546465086998,-0.114999999999999,"elong + tab"
"689",-1.5,0.2906,-0.113993592988919,-1.735,"elong + tab"
"690",-4.5,0.0583500000000002,-0.041594186621522,-2.4,"elong + tab"
"691",-8.5,0.2013,-0.0624094398440093,-0.794999999999999,"elong + tab"
"692",-0.5,0.2013,-0.100006177283367,-0.839999999999999,"elong + tab"
"693",-6.5,0.0544000000000003,-0.0355546465086998,0.155,"elong + tab"
"694",-4,0.0544000000000003,-0.00265975352577441,2.94,"elong + tab"
"695",-2.5,-0.984399999999999,-0.105962991616258,-3.535,"elong + tab"
"696",3,0.22355,-0.118423696861257,-0.080000000000001,"elong + tab"
"697",-1.5,0.0185999999999999,-0.0797281178186015,1.195,"elong + tab"
"698",-4,-0.18505,0.0920871413261102,3.86,"elong + tab"
"699",-1.5,0.3608,-0.0386187430002456,0.170000000000001,"elong + tab"
"700",1.5,0.0747500000000002,0.0632412867309615,0.675,"elong + tab"
"701",-4,-0.12905,-0.0399847503810373,-3.88,"elong + tab"
"702",-1.5,0.3142,-0.0716057117168234,1.18,"elong + tab"
"703",-3.5,0.11425,-0.102170002660303,2.48,"elong + tab"
"704",-1.5,0.3711,-0.111549416035027,-3.88,"elong + tab"
"705",-4,0.13265,0.0221319119126056,5.81,"elong + tab"
"706",-8,-0.0322,-0.0704400412166707,0.53,"elong + tab"
"707",-0.5,0.36675,-0.075298013946264,1.54,"elong + tab"
"708",-12.5,-0.1241,-0.077222985270108,-1.97,"elong + tab"
"709",-5,0.3142,0.0581829771207292,0.170000000000001,"elong + tab"
"710",-9.5,0.13265,-0.075498350826903,5.81,"elong + tab"
"711",-8,-0.0381499999999999,0.0588111828586241,1.63,"elong + tab"
"712",-7.5,0.0511500000000003,0.070354421610284,1.825,"elong + tab"
"713",-8.5,0.0441000000000004,-0.0574601303416229,-0.080000000000001,"elong + tab"
"714",2.5,-1.28695,0.0814513380913736,-0.839999999999999,"elong + tab"
"715",-5,0.11525,-0.0142029922774344,2.105,"elong + tab"
"716",-4.5,0.11525,-0.110393095488595,0.0800000000000001,"elong + tab"
"717",-3,-0.96105,0.0221319119126056,-2.15,"elong + tab"
"718",-7.5,-0.18405,-0.0957835416285074,-3.375,"elong + tab"
"719",-8.5,-0.18505,-0.0630376455819041,5.665,"elong + tab"
"720",1,0.16665,-0.041594186621522,-0.46,"elong + tab"
"721",1,0.16665,-0.0784799925430538,1.195,"elong + tab"
"722",-4.5,0.0807000000000001,-0.0264504503695381,-1.225,"elong + tab"
"723",-0.5,-0.35645,-0.0681848790669415,0.96,"elong + tab"
"724",-4,0.0573500000000002,-0.0552963049646867,0.515000000000001,"elong + tab"
"725",-2.5,-0.0322,0.0992002762054327,1.87,"elong + tab"
"726",-0.5,-1.22285,-0.037993689121198,-1.82,"elong + tab"
"727",3,0.0757500000000002,-0.077222985270108,1.38,"elong + tab"
"728",1,0.30985,0.0447720671453551,-1.82,"elong + tab"
"729",-1.5,0.05375,-0.0167163894103929,-1.79,"elong + tab"
"730",1,-1.11355,-0.0808786594296157,-2.855,"elong + tab"
"731",-12.5,0.3434,0.0196877349587127,2.315,"elong + tab"
"732",-8,-0.0555499999999999,-0.0750591598931719,4.205,"elong + tab"
"733",-1.5,-0.293349999999999,-0.0797281178186015,-2.46,"elong + tab"
"734",-6.5,-0.13005,-0.0703487044438776,-2.15,"elong + tab"
"735",1,-1.13195,-0.057087962585852,4.87,"elong + tab"
"736",-5.5,0.1726,-0.100006177283367,-2.15,"elong + tab"
"737",-3.5,-0.0931499999999996,-0.0153535338884486,-1.45,"elong + tab"
"738",1,0.13165,-0.0988498567369355,-2.225,"elong + tab"
"739",0,-0.0381499999999999,0.0121294651847557,2.91,"elong + tab"
"740",0.5,0.3711,-0.109044283486533,2.315,"elong + tab"
"741",3.5,0.13265,0.0196877349587127,0.53,"elong + tab"
"742",-1.5,0.2013,0.0626130809930667,5.81,"elong + tab"
"743",-8,-0.00474999999999992,-0.102170002660303,2.49,"elong + tab"
"744",-3,0.3039,-0.0821722947724944,2.49,"elong + tab"
"745",-4.5,-0.293349999999999,0.0588111828586241,3.285,"elong + tab"
"746",-7,0.0441000000000004,-0.101013682113872,-4.4,"elong + tab"
"747",-8,-0.13005,-0.0661189374521791,0.515000000000001,"elong + tab"
"748",-7.5,0.0185999999999999,-0.0797281178186015,3.43,"elong + tab"
"749",1.5,-0.03815,0.110297192686522,2.94,"elong + tab"
"750",0.5,-1.28595,-0.037993689121198,-1.3,"elong + tab"
"751",-2.5,0.0185999999999999,-0.0957835416285074,-3.41,"elong + tab"
"752",-0.5,0.0583500000000002,-0.041594186621522,0.170000000000001,"elong + tab"
"753",-11,0.22455,-0.0306053370063134,1.615,"elong + tab"
"754",-8,-0.20955,-0.0633269063373482,2.835,"elong + tab"
"755",0,-0.03715,-0.077222985270108,-1.03,"elong + tab"
"756",-1.5,-1.13195,-0.113993592988919,2.335,"elong + tab"
"757",-4.5,-0.0381499999999999,-0.057087962585852,0.170000000000001,"elong + tab"
"758",-11,-0.18405,-0.0654907317142843,-0.794999999999999,"elong + tab"
"759",-11,0.2803,0.0336751506642656,5.81,"elong + tab"
"760",-4.5,0.0573500000000002,0.0581829771207292,0.875000000000001,"elong + tab"
"761",-8,-1.28695,-0.0639622434120823,-0.794999999999999,"elong + tab"
"762",0.5,-0.276949999999999,-0.0355546465086998,-2.98,"elong + tab"
"763",-4.5,-0.276949999999999,-0.034297639235754,4.205,"elong + tab"
"764",-11.5,-0.0548999999999995,0.0632412867309615,-1.585,"elong + tab"
"765",-1,-1.1995,-0.0760358155891609,1.885,"elong + tab"
"766",-9.5,0.13265,-0.0797281178186015,4.205,"elong + tab"
"767",-7.5,0.0817000000000001,-0.0142029922774344,1.87,"elong + tab"
"768",-5,-0.20955,-0.0797281178186015,4.205,"elong + tab"
"769",-1.5,-1.22385,-0.0448275942214921,2.335,"elong + tab"
"770",-4.5,-0.294349999999999,0.0626130809930667,4.87,"elong + tab"
"771",0,-0.27,-0.0633269063373482,-1.95,"elong + tab"
"772",-8.5,0.25855,-0.087752940255846,0.93,"elong + tab"
"773",-3,0.0747500000000002,-0.0710682469545655,-2.6,"elong + tab"
"774",-8.5,0.05375,-0.0167163894103929,1.18,"elong + tab"
"775",-5.5,0.191,-0.0919755759107052,-1.46,"elong + tab"
"776",-3,-0.0548999999999995,-0.0315056081209231,-3.09,"elong + tab"
"777",-8,0.2013,-0.0286142757464742,-3.805,"elong + tab"
"778",-4,0.3958,-0.0630376455819041,-3.61,"elong + tab"
"779",-12,-0.00574999999999992,-0.0284415116293772,1.99,"elong + tab"
"780",-4.5,0.11425,-0.0829100964153912,-1.79,"elong + tab"
"781",-0.5,-0.275949999999999,-0.0735306830406674,-2.745,"elong + tab"
"782",4,0.10505,-0.0624094398440093,-1.52,"elong + tab"
"783",-9.5,-1.22385,0.0808231323534787,2.49,"elong + tab"
"784",0,-0.00574999999999992,-0.0580883360795177,1.975,"elong + tab"
"785",-2.5,0.0807000000000001,0.0152576310863753,2.105,"elong + tab"
"786",-1.5,0.0573500000000002,-0.0366448771191357,-0.794999999999999,"elong + tab"
"787",-8.5,0.16665,-0.0393565446431424,3.775,"elong + tab"
"788",-12,-0.12905,-0.00608058617565632,-0.869999999999999,"elong + tab"
"789",-5,-1.28695,-0.0821722947724944,-0.114999999999999,"elong + tab"
"790",-11.5,-0.0477999999999995,-0.0393565446431424,-1.45,"elong + tab"
"791",1.5,0.4527,-0.0919755759107052,-3.88,"elong + tab"
"792",-9.5,-0.0374999999999995,-0.0336694334978592,2.03,"elong + tab"
"793",-0.5,-0.1231,-0.0748701450890081,-1.29,"elong + tab"
"794",-3,-0.11865,-0.043048846872583,-0.51,"elong + tab"
"795",1.5,-1.22385,0.0970364508284965,-1.03,"elong + tab"
"796",-8,0.3039,-0.0315056081209231,-2.225,"elong + tab"
"797",-3.5,0.0807000000000001,-0.0366448771191357,-3.175,"elong + tab"
"798",-1.5,-0.27,-0.0889092608022771,1.63,"elong + tab"
"799",-4,-0.0374999999999995,-0.0264504503695381,-3.88,"elong + tab"
"800",-9.5,0.3958,-0.0142029922774344,-3.45,"elong + tab"
"801",-9,-0.0555499999999999,-0.0630376455819041,-1.735,"elong + tab"
"802",-5,-1.0578,-0.0941394012876413,-3.175,"elong + tab"
"803",-11,-0.0381499999999999,0.0814513380913736,-3.77,"elong + tab"
"804",-4,0.0573500000000002,0.0876570374537727,-1.36,"elong + tab"
"805",-3,-1.22285,-0.0760358155891609,-0.710000000000001,"elong + tab"
"806",-4,0.0920000000000001,-0.0344810517421995,2.835,"elong + tab"
"807",-10.5,0.30985,-0.0716057117168234,-3.41,"elong + tab"
"808",-1.5,0.22355,0.0808231323534787,3.23,"elong + tab"
"809",4,-0.271,-0.0760358155891609,-2.075,"elong + tab"
"810",-3.5,-0.1231,0.0336751506642656,0.96,"elong + tab"
"811",0,-0.18405,0.0378977863191248,0.53,"elong + tab"
"812",4,0.13165,-0.034926440770805,4.205,"elong + tab"
"813",-4,-0.0374999999999995,0.0196877349587127,-2.31,"elong + tab"
"814",-7,-0.14645,-0.0386187430002456,-2.31,"elong + tab"
"815",-4.5,-0.13005,-0.0750591598931719,2.835,"elong + tab"
"816",0,0.0511500000000003,-0.066656402214437,-4.04,"elong + tab"
"817",-6.5,-0.293349999999999,0.0221319119126056,0.33,"elong + tab"
"818",0,0.2337,0.0970364508284965,1.305,"elong + tab"
"819",-9.5,0.0185999999999999,-0.00977288840509694,-4.24,"elong + tab"
"820",-1.5,-0.202449999999999,0.0808231323534787,1.87,"elong + tab"
"821",-9,-0.03815,-0.0344810517421995,-3.535,"elong + tab"
"822",-4,0.1386,-0.0393565446431424,-3.88,"elong + tab"
"823",0,-1.22285,-0.0919755759107052,-1.215,"elong + tab"
"824",-4.5,0.2337,0.0121294651847557,-4.24,"elong + tab"
"825",4,-0.967,-0.075298013946264,0.170000000000001,"elong + tab"
"826",-4.5,-0.984399999999999,-0.0315056081209231,-3.61,"elong + tab"
"827",-1.5,0.0583500000000002,-0.0173445951482878,2.765,"elong + tab"
"828",0,-0.9773,-0.0580883360795177,-3.45,"elong + tab"
"829",-5.5,0.14305,-0.034926440770805,3.23,"elong + tab"
"830",2.5,0.05375,-0.0528581955941535,-1.46,"elong + tab"
"831",-1.5,-0.8751,-0.037993689121198,-0.46,"elong + tab"
"832",-4,-0.03815,-0.0355546465086998,1.825,"elong + tab"
"833",-7.5,-0.1791,0.0970364508284965,3.255,"elong + tab"
"834",-4.5,0.22355,-0.0284415116293772,3.86,"elong + tab"
"835",4,-0.03715,-0.0654907317142843,-1,"elong + tab"
"836",-4,-0.0477999999999995,-0.0448275942214921,2.94,"elong + tab"
"837",-4.5,0.0573500000000002,0.0626130809930667,2.335,"elong + tab"
"838",-2.5,-0.96105,-0.00265975352577441,-1.3,"elong + tab"
"839",4,-0.12905,-0.0654907317142843,-3.45,"elong + tab"
"840",-2.5,0.2906,-0.0654907317142843,1.615,"elong + tab"
"841",-11,0.0991000000000001,-0.0580883360795177,-2.6,"elong + tab"
"842",-4.5,0.3608,-0.0366448771191357,-1.715,"elong + tab"
"843",-5,0.22355,-0.0654907317142843,1.195,"elong + tab"
"844",0.5,-0.14745,-0.0797281178186015,1.97,"elong + tab"
"845",-9.5,-0.185049999999999,-0.106880458109597,-2.075,"elong + tab"
"846",-11,0.0288999999999999,-0.043048846872583,0.96,"elong + tab"
"847",-4.5,0.4061,-0.102170002660303,-1.66,"elong + tab"
"848",-4.5,0.0817000000000001,0.0675623904954531,3.775,"elong + tab"
"849",-3,0.1726,0.0336751506642656,-2.225,"elong + tab"
"850",-6.5,0.3537,-0.00113127667326995,-2.3,"elong + tab"
"851",-8,-0.12905,0.0196877349587127,-1.97,"elong + tab"
"852",-0.5,-0.8854,-0.0602699411826417,-2.82,"elong + tab"
"853",1.5,-0.00574999999999992,-0.0264504503695381,-2.15,"elong + tab"
"854",-4.5,0.0817000000000001,-0.0355546465086998,1.99,"elong + tab"
"855",-8.5,0.3608,-0.0990887107900277,0.53,"elong + tab"
"856",0,-0.00574999999999992,0.0196877349587127,2.835,"elong + tab"
"857",-1.5,0.0757500000000002,-0.0344810517421995,-2.3,"elong + tab"
"858",1.5,-0.14745,-0.077222985270108,-4.24,"elong + tab"
"859",0.5,0.3039,-0.063955112075243,3.43,"elong + tab"
"860",-7.5,-1.11455,-0.0210368973777284,-1.03,"elong + tab"
"861",-4,-0.11865,0.0315113252873295,-1.36,"elong + tab"
"862",1,0.3537,0.0010325487036662,-0.869999999999999,"elong + tab"
"863",0.5,0.2803,-0.0784799925430538,3.43,"elong + tab"
"864",0.5,-0.276949999999999,-0.0278133058914825,1.54,"elong + tab"
"865",-7,0.0511500000000003,-0.0533956603564114,-3.09,"elong + tab"
"866",-1.5,-0.0374999999999995,-0.0153535338884486,0.93,"elong + tab"
"867",-6.5,-0.994699999999999,-0.0808786594296157,-1.215,"elong + tab"
"868",-1,0.2865,-0.0286142757464742,-0.710000000000001,"elong + tab"
"869",-0.5,-0.275949999999999,-0.0204086916398335,5.665,"elong + tab"
"870",-8,-1.11355,0.0378977863191248,1.48,"elong + tab"
"871",-2.5,0.0573500000000002,-0.0441993884835972,-0.55,"elong + tab"
"872",-2.5,0.0521500000000003,0.0992002762054327,2.03,"elong + tab"
"873",-4,-1.20645,-0.0668395437163467,-2.82,"elong + tab"
"874",1,0.36675,-0.0299771312684186,0.675,"elong + tab"
"875",-10.5,-0.275949999999999,-0.0392469487381404,-4.04,"elong + tab"
"876",-4.5,0.20615,-0.00113127667326995,2.49,"elong + tab"
"877",-4,-0.994699999999999,-0.00608058617565632,-2.075,"elong + tab"
"878",-0.5,0.1376,-0.103518814662365,1.975,"elong + tab"
"879",-1,0.05375,-0.0713668576637312,-3.61,"elong + tab"
"880",-7.5,0.1726,-0.063955112075243,-2.93,"elong + tab"
"881",4,0.11535,-0.0661189374521791,-1.29,"elong + tab"
"882",-7.5,-1.20645,0.0315113252873295,0.85,"elong + tab"
"883",-4.5,-0.18405,-0.0552963049646867,-1.215,"elong + tab"
"884",-3.5,0.4061,-0.0392469487381404,-2.525,"elong + tab"
"885",-1,-1.22385,0.0632412867309615,-0.114999999999999,"elong + tab"
"886",-1.5,-1.13195,-0.0889092608022771,-1.82,"elong + tab"
"887",-4,-0.1231,-0.0630376455819041,-3.25,"elong + tab"
"888",0.5,0.16665,-0.0321338138588179,-0.764999999999999,"elong + tab"
"889",0.5,0.0288999999999999,-0.111549416035027,-1.735,"elong + tab"
"890",-3,-1.28595,0.0632412867309615,3.285,"elong + tab"
"891",2.5,-0.0418499999999996,-0.110393095488595,0.33,"elong + tab"
"892",-4,0.22355,-0.0392469487381404,-3.61,"elong + tab"
"893",-9,-1.2005,-0.105962991616258,-0.475,"elong + tab"
"894",1,-0.8751,-0.0441993884835972,-1,"elong + tab"
"895",-9.5,0.3434,-0.0441993884835972,-3.77,"elong + tab"
"896",-3.5,0.11535,0.0992002762054327,2.03,"elong + tab"
"897",-4,-0.96105,-0.0448275942214921,5.665,"elong + tab"
"898",2.5,-1.2005,0.0814513380913736,-4.04,"elong + tab"
"899",-2.5,0.36675,-0.0436770526104779,-2.24,"elong + tab"
"900",-9.5,-0.967,-0.0278133058914825,4.205,"elong + tab"
"901",-1.5,0.0991000000000001,-0.0306053370063134,-2.82,"elong + tab"
"902",3.5,0.37705,-0.102170002660303,-3.805,"elong + tab"
"903",-7.5,0.0521500000000003,0.0196877349587127,5.665,"elong + tab"
"904",-6.5,0.10505,-0.109044283486533,-1.585,"elong + tab"
"905",-4,0.10505,0.0196877349587127,-4.24,"elong + tab"
"906",2.5,0.1094,-0.075298013946264,-1,"elong + tab"
"907",0.5,-0.21055,-0.0399847503810373,2.42,"elong + tab"
"908",-4,-1.02265,-0.041594186621522,1.97,"elong + tab"
"909",0,0.1386,-0.075298013946264,1.825,"elong + tab"
"910",0,-0.984399999999999,-0.0580883360795177,2.465,"elong + tab"
"911",-1.5,-0.03815,-0.0574601303416229,-1.79,"elong + tab"
"912",-4,0.0817000000000001,-0.0760358155891609,-4.24,"elong + tab"
"913",-4.5,0.11525,-0.0784799925430538,-1.29,"elong + tab"
"914",0.5,-0.967,-0.087752940255846,-2.075,"elong + tab"
"915",-4,-0.185049999999999,-0.110393095488595,1.87,"elong + tab"
"916",-0.5,-1.2005,-0.0386187430002456,2.825,"elong + tab"
"917",-3,-0.0374999999999995,-0.0602699411826417,-4.04,"elong + tab"
"918",-12.5,-0.9773,-0.00482357890271057,1.48,"elong + tab"
"919",-5,0.0441000000000004,0.0246370444610991,-0.839999999999999,"elong + tab"
"920",1,-0.8751,-0.109044283486533,0.675,"elong + tab"
"921",-6.5,0.2865,-0.118423696861257,1.975,"elong + tab"
"922",-1,-0.1791,-0.0710682469545655,-0.349999999999999,"elong + tab"
"923",0.5,-0.276949999999999,-0.0344810517421995,-1.95,"elong + tab"
"924",-7.5,-0.994699999999999,0.0632412867309615,-2.93,"elong + tab"
"925",0,0.0920000000000001,-0.0105106900479938,-0.274999999999999,"elong + tab"
"926",-9.5,-0.21055,-0.00113127667326995,1.54,"elong + tab"
"927",-4,0.3039,-0.0574601303416229,2.315,"elong + tab"
"928",0,0.3039,-0.00265975352577441,-0.0999999999999999,"elong + tab"
"929",-4,0.0544000000000003,0.0992002762054327,2.315,"elong + tab"
"930",-3,0.14925,-0.118423696861257,4.87,"elong + tab"
"931",-11.5,0.1386,-0.0639622434120823,2.03,"elong + tab"
"932",-3,-1.1086,-0.106880458109597,5.32,"elong + tab"
"933",-9.5,-0.276949999999999,-0.0808786594296157,1.63,"elong + tab"
"934",-3.5,-0.275949999999999,-0.075298013946264,-2.225,"elong + tab"
"935",-0.5,-0.27,-0.0748701450890081,-3.25,"elong + tab"
"936",-3,-0.1283,-0.105962991616258,-1.97,"elong + tab"
"937",-1.5,-0.26555,-0.0315056081209231,2.335,"elong + tab"
"938",-2.5,0.22355,-0.0344810517421995,-0.46,"elong + tab"
"939",-8.5,-0.11865,-0.0716057117168234,6.155,"elong + tab"
"940",-1.5,0.0757500000000002,-0.0522299898562586,-1.285,"elong + tab"
"941",-9.5,0.10505,-0.100006177283367,1.195,"elong + tab"
"942",-11,0.3711,-0.0278133058914825,-4.04,"elong + tab"
"943",-11,-0.11865,-0.0344810517421995,5.32,"elong + tab"
"944",-8,0.16765,-0.103518814662365,-0.710000000000001,"elong + tab"
"945",-3.5,-0.0477999999999995,-0.0355546465086998,1.615,"elong + tab"
"946",0,-1.20645,0.0697262158723893,5.215,"elong + tab"
"947",-3.5,-0.1283,-0.0559245107025815,-2.93,"elong + tab"
"948",-4,-1.11455,-0.0941394012876413,-1.45,"elong + tab"
"949",-6.5,-0.00474999999999992,-0.0522299898562586,-4.4,"elong + tab"
"950",-11,-0.185049999999999,-0.0704400412166707,2.12,"elong + tab"
"951",-2.5,0.32015,-0.043048846872583,3.775,"elong + tab"
"952",-3.5,-0.1241,-0.113993592988919,-2.6,"elong + tab"
"953",-0.5,-1.11455,-0.0441993884835972,2.03,"elong + tab"
"954",-4,-0.293349999999999,0.0588111828586241,-3.25,"elong + tab"
"955",-8,0.0544000000000003,-0.100006177283367,-1.95,"elong + tab"
"956",3.5,0.05375,0.0315113252873295,-1.225,"elong + tab"
"957",-1.5,0.20615,-0.0336694334978592,5.32,"elong + tab"
"958",-8.5,0.1376,-0.057087962585852,-1.285,"elong + tab"
"959",-4,-0.0931499999999996,0.0581829771207292,4.87,"elong + tab"
"960",-3,0.20615,0.0970364508284965,2.315,"elong + tab"
"961",0.5,-1.19505,-0.0399847503810373,-0.274999999999999,"elong + tab"
"962",-7.5,-1.2005,0.0814513380913736,3.775,"elong + tab"
"963",-8.5,0.4527,0.0697262158723893,-3.61,"elong + tab"
"964",-4.5,-1.11455,0.0626130809930667,1.18,"elong + tab"
"965",-8.5,0.0583500000000002,0.0626130809930667,1.54,"elong + tab"
"966",-1.5,-0.1231,-0.0344810517421995,2.765,"elong + tab"
"967",-0.5,-1.11355,-0.00113127667326995,-2.82,"elong + tab"
"968",-2.5,-0.293349999999999,0.0336751506642656,-2.82,"elong + tab"
"969",-8.5,0.3537,-0.063955112075243,-1.285,"elong + tab"
"970",-12.5,0.0920000000000001,0.0808231323534787,-4.24,"elong + tab"
"971",-0.5,-0.1241,-0.087752940255846,2.49,"elong + tab"
"972",-0.5,-1.28695,0.0876570374537727,5.81,"elong + tab"
"973",-3,0.3711,0.0121294651847557,-1.715,"elong + tab"
"974",-1.5,-0.0315499999999996,-0.077222985270108,2.12,"elong + tab"
"975",-3,0.0747500000000002,-0.0286142757464742,0.33,"elong + tab"
"976",-2.5,0.25855,0.0265620157849431,1.18,"elong + tab"
"977",0.5,0.16665,-0.0210368973777284,1.38,"elong + tab"
"978",-4.5,-0.14745,0.0010325487036662,-2.46,"elong + tab"
"979",-4,-1.11355,0.0581829771207292,4.205,"elong + tab"
"980",-4.5,0.16665,-0.0821722947724944,2.91,"elong + tab"
"981",-1.5,0.3537,-0.0957835416285074,0.245000000000001,"elong + tab"
"982",-7,0.32015,-0.0710682469545655,3.86,"elong + tab"
"983",-0.5,0.2906,-0.087752940255846,0.85,"elong + tab"
"984",-5.5,-1.1086,-0.0167163894103929,1.54,"elong + tab"
"985",-4.5,-1.11455,-0.0602699411826417,-1.79,"elong + tab"
"986",-11,0.13165,0.0632412867309615,4.205,"elong + tab"
"987",-1.5,0.1386,-0.0750591598931719,3.86,"elong + tab"
"988",-11,0.32015,0.0246370444610991,-3.25,"elong + tab"
"989",-0.5,0.22355,-0.057087962585852,-2.46,"elong + tab"
"990",-6.5,-0.0322,-0.0760358155891609,2.48,"elong + tab"
"991",-6.5,-0.994699999999999,-0.0448275942214921,-1.3,"elong + tab"
"992",-4.5,-0.27,-0.0735306830406674,-0.475,"elong + tab"
"993",-3,0.0511500000000003,-0.109044283486533,-0.55,"elong + tab"
"994",1,-0.8854,0.070354421610284,-2.76,"elong + tab"
"995",-8,-0.20955,-0.0533956603564114,0.875000000000001,"elong + tab"
"996",-1.5,0.191,-0.0441993884835972,-3.77,"elong + tab"
"997",0.5,-0.00574999999999992,-0.0716057117168234,3.255,"elong + tab"
"998",-9.5,0.05375,-0.0784799925430538,2.825,"elong + tab"
"999",1,-0.276949999999999,-0.0889092608022771,-3.25,"elong + tab"
"1000",-9.5,-0.0418499999999996,-0.00608058617565632,0.85,"elong + tab"
"1001",-2,-0.3428,0.00273651159483362,-3.92,"elong + andro"
"1002",-1,-0.36625,0.132404459642845,-4.28,"elong + andro"
"1003",2.5,-0.2528,0.103016640735026,4.41,"elong + andro"
"1004",6.5,-0.25625,-0.00133002293039541,4.47,"elong + andro"
"1005",-5,-0.359,0.0951132505872208,-2.35,"elong + andro"
"1006",-6.5,-0.1143,0.0121159249695574,-2.03,"elong + andro"
"1007",-1,-0.8687,-0.0827692666996591,-1.15,"elong + andro"
"1008",-4.5,-0.36615,0.0817617849991329,3.1,"elong + andro"
"1009",-1,-0.15585,-0.0145907647884211,-1.54,"elong + andro"
"1010",-0.5,-0.3792,0.0642370305852258,-3.14,"elong + andro"
"1011",0.5,-0.0838499999999999,0.0901639410848344,-2.38,"elong + andro"
"1012",5,-0.2628,0.0868771858179753,2.66,"elong + andro"
"1013",1.5,-0.2454,-0.00119728968816452,1.79,"elong + andro"
"1014",-0.5,-0.0980999999999999,0.0317797032027594,-3.05,"elong + andro"
"1015",1,-0.9424,0.123025046268121,-1.54,"elong + andro"
"1016",6,-0.3171,0.0728502959471273,-0.649999999999999,"elong + andro"
"1017",-4,-0.15075,0.00716661546717107,-3.17,"elong + andro"
"1018",3.5,-0.8517,-0.0342058634509643,0.989999999999998,"elong + andro"
"1019",-2,-0.82005,-0.0128417900659241,3.86,"elong + andro"
"1020",1.5,-0.434,0.0951132505872208,-3.49,"elong + andro"
"1021",0,-0.30315,0.115121656120316,6.35,"elong + andro"
"1022",3,-0.0980999999999999,-0.0144580315461902,-3.84,"elong + andro"
"1023",2.5,-0.3428,0.0595895540891016,4.41,"elong + andro"
"1024",-8.5,-0.2236,0.0868771858179753,-0.43,"elong + andro"
"1025",-5.5,-0.1229,0.132404459642845,1.05,"elong + andro"
"1026",4,-0.26515,-0.0564275055456113,-1.96,"elong + andro"
"1027",2,-0.9598,0.0382254807040614,-1.6,"elong + andro"
"1028",-3.5,-0.0876499999999998,-0.0783391628273216,-1.17,"elong + andro"
"1029",-1.5,-0.24685,0.0686671344575633,-0.85,"elong + andro"
"1030",0,-0.23115,0.123025046268121,3.02,"elong + andro"
"1031",-1,-0.7498,0.125656795967775,6.85,"elong + andro"
"1032",2.5,-0.3966,0.0246665683234369,-2.7,"elong + andro"
"1033",-3.5,-0.3259,-0.00572865518660154,-1.15,"elong + andro"
"1034",-0.5,-0.1866,0.0401751892299709,3.77,"elong + andro"
"1035",-6.5,-0.8687,-0.0195400742908075,-1.6,"elong + andro"
"1036",8,-0.95515,-0.0343385966931952,-2.97,"elong + andro"
"1037",-3,-0.09475,0.14566520150087,-0.759999999999999,"elong + andro"
"1038",-4,-0.25625,-0.0195400742908075,3.52,"elong + andro"
"1039",-8.5,-0.0805,0.0737491772021805,-1.94,"elong + andro"
"1040",-4,-0.9148,0.0687998676997942,2.29,"elong + andro"
"1041",6.5,-0.0329499999999999,0.0269144473719451,2.23,"elong + andro"
"1042",-6.5,-0.36625,0.0201667836968757,-2.03,"elong + andro"
"1043",4,-0.0838499999999999,-0.0585913309225475,4.13,"elong + andro"
"1044",3,-0.3792,0.0601594232063777,-1.24,"elong + andro"
"1045",-0.5,-0.04655,-0.0145907647884211,-2.78,"elong + andro"
"1046",6,-0.3709,0.0253766668275832,-1.94,"elong + andro"
"1047",0.5,-0.8417,0.0502101407143778,-2.47,"elong + andro"
"1048",-1.5,-0.2528,-0.0292565539485779,1.73,"elong + andro"
"1049",-2.5,0.0589499999999999,0.0202364644510994,-2.34,"elong + andro"
"1050",-4,-0.1609,0.0290782727488813,-2.29,"elong + andro"
"1051",6.5,-0.3709,0.0219651378695588,2.9,"elong + andro"
"1052",-1.5,-0.1609,0.0382254807040614,-3.92,"elong + andro"
"1053",3,-0.1055,0.00735292318572978,1.73,"elong + andro"
"1054",4,-0.37325,0.0868771858179753,6.79,"elong + andro"
"1055",5,-0.0503499999999999,0.0601594232063777,2.9,"elong + andro"
"1056",-5.5,-0.20025,-0.0172718939382615,-0.67,"elong + andro"
"1057",1,-0.8343,0.0288460673293376,-0.339999999999999,"elong + andro"
"1058",4.5,-0.31145,0.0687998676997942,0.550000000000001,"elong + andro"
"1059",1.5,-0.32305,-0.0270927285716417,-1.04,"elong + andro"
"1060",0.5,-0.92935,0.0317797032027594,3.52,"elong + andro"
"1061",-2,-0.359,0.0757802693368858,1.79,"elong + andro"
"1062",6.5,-0.359,0.00536826129448797,-0.15,"elong + andro"
"1063",-5,-0.2959,-0.0270927285716417,-0.699999999999999,"elong + andro"
"1064",1,-0.2798,0.0816525673499855,5.08,"elong + andro"
"1065",0.5,-0.21955,0.0546402445867152,-2.35,"elong + andro"
"1066",-1,-0.99245,-0.0144580315461902,3.46,"elong + andro"
"1067",5,-0.17575,0.127455150140458,-2.97,"elong + andro"
"1068",2.5,-0.78275,0.0290782727488813,3.46,"elong + andro"
"1069",0,-0.25625,-0.00374399329535974,-1.24,"elong + andro"
"1070",-2.5,-0.92935,0.0375192679736281,-1.24,"elong + andro"
"1071",-4,-0.0329499999999999,-0.0601291114669095,3.02,"elong + andro"
"1072",1,-0.21955,0.00273651159483362,-0.15,"elong + andro"
"1073",-0.5,-0.04655,0.132404459642845,1.66,"elong + andro"
"1074",-0.5,-0.09475,0.0380927474618305,-1.11,"elong + andro"
"1075",-0.5,-0.27255,-0.00133002293039541,-0.339999999999999,"elong + andro"
"1076",-8.5,-0.9424,0.0201667836968757,-0.85,"elong + andro"
"1077",-1,-0.1812,-0.0342058634509643,2.29,"elong + andro"
"1078",-1,-0.8591,0.0402565728387667,-3.84,"elong + andro"
"1079",-2.5,1.11022302462516e-16,0.14566520150087,-2.97,"elong + andro"
"1080",4,-0.0876499999999998,0.123025046268121,-1.54,"elong + andro"
"1081",1.5,-0.04655,0.0288460673293376,-3.92,"elong + andro"
"1082",-1,-0.8517,0.0253766668275832,0.610000000000001,"elong + andro"
"1083",8.5,-0.1229,-0.00133002293039541,5.17,"elong + andro"
"1084",1.5,-0.2628,0.0931958061016455,-1.4,"elong + andro"
"1085",-4,-0.2702,0.0816525673499855,-0.15,"elong + andro"
"1086",-6.5,-0.2873,0.0290782727488813,-0.67,"elong + andro"
"1087",1,-0.87465,0.0201667836968757,-0.0899999999999994,"elong + andro"
"1088",4.5,0.01335,-0.012294206169254,3.95,"elong + andro"
"1089",4,-0.2454,0.0815198341077545,4.65,"elong + andro"
"1090",0.5,-0.1007,0.0702185462474729,-3.48,"elong + andro"
"1091",8.5,-0.3428,0.00195673233646365,6.85,"elong + andro"
"1092",0,-0.434,0.0951132505872208,-2.38,"elong + andro"
"1093",3.5,-0.95515,-0.0733898533249352,-2.72,"elong + andro"
"1094",5,-0.0995499999999999,0.0219651378695588,0.549999999999999,"elong + andro"
"1095",-2,-0.1007,-0.0144580315461902,-2.53,"elong + andro"
"1096",3,-0.7498,0.0246665683234369,-0.67,"elong + andro"
"1097",3.5,-0.8591,0.00716661546717107,-0.649999999999999,"elong + andro"
"1098",-0.5,-0.906,0.0490625067252882,3.02,"elong + andro"
"1099",-1,0.0216500000000001,-0.071226027947999,-2.81,"elong + andro"
"1100",1,-0.8517,0.00690604183885002,-0.43,"elong + andro"
"1101",2.5,-0.28575,0.104159989340504,5.17,"elong + andro"
"1102",1.5,1.11022302462516e-16,0.00906986721578618,-3.48,"elong + andro"
"1103",5.5,-0.0135999999999999,0.0317797032027594,-0.149999999999999,"elong + andro"
"1104",-3.5,-0.8343,0.0857338372124969,-0.79,"elong + andro"
"1105",-8,-0.2867,0.115121656120316,-1.6,"elong + andro"
"1106",3.5,-1.0229,-0.012294206169254,-1.17,"elong + andro"
"1107",4,-0.23945,0.0795979596221967,-0.759999999999999,"elong + andro"
"1108",1,-0.00880000000000003,-0.00374399329535974,-1.4,"elong + andro"
"1109",0,-0.1155,0.0514862225620871,0.989999999999998,"elong + andro"
"1110",0.5,-0.0980999999999999,-0.00374399329535974,-2.53,"elong + andro"
"1111",6,-0.0838499999999999,0.0419493718459656,-0.79,"elong + andro"
"1112",0.5,-0.0876499999999998,0.0428766196838489,2.23,"elong + andro"
"1113",0,-0.2873,0.0687998676997942,-3.17,"elong + andro"
"1114",-3.5,-0.9148,-0.0152872320470198,2.84,"elong + andro"
"1115",-8,-0.19315,0.0269144473719451,-2.47,"elong + andro"
"1116",2,-0.32305,0.0296158778258233,-1.24,"elong + andro"
"1117",1.5,-0.0731000000000001,0.0901639410848344,-0.0899999999999994,"elong + andro"
"1118",-1,-0.1325,0.0403893060809976,3.02,"elong + andro"
"1119",-5,-0.93645,-0.00572865518660154,2.99,"elong + andro"
"1120",-3.5,-0.09215,0.00536826129448797,2.9,"elong + andro"
"1121",-7,-0.4597,-0.0601291114669095,2.9,"elong + andro"
"1122",-5,-0.37325,-0.0159958120905522,1.79,"elong + andro"
"1123",4,-0.1535,-0.0453305890645218,0.989999999999998,"elong + andro"
"1124",-2,-0.8517,0.0686671344575633,-1.1,"elong + andro"
"1125",6.5,-0.027,-0.0128417900659241,0.52,"elong + andro"
"1126",-3.5,-0.0135999999999999,0.0269144473719451,-1.16,"elong + andro"
"1127",1.5,-0.83575,0.0375192679736281,-2.38,"elong + andro"
"1128",0,-0.04655,0.0219651378695588,-0.73,"elong + andro"
"1129",-4,-0.359,0.0317797032027594,-1.9,"elong + andro"
"1130",3.5,-1.0229,0.0928587014802225,5.08,"elong + andro"
"1131",1,-0.3792,0.0288460673293376,3.45,"elong + andro"
"1132",-3,-0.3709,-0.00374399329535974,-1.54,"elong + andro"
"1133",-4,-0.91195,-0.00572865518660154,2.23,"elong + andro"
"1134",0,-0.0503499999999999,0.114559879486686,-3.78,"elong + andro"
"1135",-1,-0.1535,0.0296158778258233,-0.67,"elong + andro"
"1136",0,-0.39195,0.0817617849991329,-2.47,"elong + andro"
"1137",-3.5,-0.9424,-0.0078924805635377,-1.94,"elong + andro"
"1138",-5,-0.3333,0.0403893060809976,-0.15,"elong + andro"
"1139",-1,-0.09475,0.0687998676997942,0.46,"elong + andro"
"1140",4.5,-0.21895,0.0175350339972213,-0.43,"elong + andro"
"1141",0,-0.0838499999999999,0.123025046268121,-0.67,"elong + andro"
"1142",1,-0.1609,0.0686671344575633,-0.649999999999999,"elong + andro"
"1143",0.5,-0.2236,0.103016640735026,0.0900000000000003,"elong + andro"
"1144",3,-0.25685,0.0546402445867152,-1.52,"elong + andro"
"1145",5,-0.2873,-0.0144580315461902,-1.86,"elong + andro"
"1146",-4,-0.21955,0.0402565728387667,-3.42,"elong + andro"
"1147",-2.5,-0.027,0.00906986721578618,-0.0600000000000005,"elong + andro"
"1148",-1,-0.92935,0.115121656120316,4.41,"elong + andro"
"1149",-2,-0.21895,-0.0585913309225475,-2.29,"elong + andro"
"1150",2.5,-0.3792,-0.012294206169254,-0.15,"elong + andro"
"1151",3.5,-0.0805,-0.0124269394114849,-3.42,"elong + andro"
"1152",-5,-0.3333,-0.012294206169254,-0.43,"elong + andro"
"1153",-6.5,-0.78275,0.123025046268121,1.73,"elong + andro"
"1154",6.5,-0.9598,-0.0270927285716417,1.73,"elong + andro"
"1155",2,-0.1055,-0.0172718939382615,-0.589999999999999,"elong + andro"
"1156",1.5,-0.11345,0.117285481497252,6.35,"elong + andro"
"1157",4,-0.1155,0.0288460673293376,3.45,"elong + andro"
"1158",3,-0.31145,0.11239605410975,-2.29,"elong + andro"
"1159",-2.5,-0.8343,-0.0144580315461902,-1.77,"elong + andro"
"1160",3,-0.3259,-0.0159958120905522,2.93,"elong + andro"
"1161",2,-0.2785,-0.00247337153587379,-2.78,"elong + andro"
"1162",0,-0.1155,-0.0124269394114849,5.08,"elong + andro"
"1163",-7,-0.2798,0.114559879486686,-1.86,"elong + andro"
"1164",6,-0.0099999999999999,0.0757802693368858,3.97,"elong + andro"
"1165",-1.5,-1.0229,-0.071226027947999,4.56,"elong + andro"
"1166",-2.5,-0.36625,0.0513534893198562,3.86,"elong + andro"
"1167",4,-0.1609,0.00536826129448797,3.89,"elong + andro"
"1168",6.5,-0.1325,0.0382254807040614,1.73,"elong + andro"
"1169",-5.5,-0.0642999999999999,0.0870099190602062,2.66,"elong + andro"
"1170",0,-0.34875,0.0817617849991329,-1.52,"elong + andro"
"1171",4,-0.21895,0.134568285019781,-0.649999999999999,"elong + andro"
"1172",0.5,-0.4597,-0.012294206169254,2.23,"elong + andro"
"1173",4,-0.24685,-0.0145907647884211,1.73,"elong + andro"
"1174",4.5,-0.40355,0.103016640735026,-1.4,"elong + andro"
"1175",-2.5,-0.92935,-0.0343385966931952,0.549999999999999,"elong + andro"
"1176",-4,0.0216500000000001,0.00735292318572978,1.79,"elong + andro"
"1177",0.5,-0.40355,0.0736164439599497,-1.39,"elong + andro"
"1178",-1.5,-0.19315,0.033276171201675,2.29,"elong + andro"
"1179",-8.5,0.00595000000000001,-0.00572865518660154,-4.28,"elong + andro"
"1180",2.5,-0.32305,-0.023970178163145,2.66,"elong + andro"
"1181",8.5,-0.0838499999999999,-0.0342058634509643,-2.03,"elong + andro"
"1182",1.5,-0.92935,0.0686671344575633,-0.67,"elong + andro"
"1183",0,-0.83575,-0.0453305890645218,6.79,"elong + andro"
"1184",4.5,-0.3428,0.00690604183885002,-0.67,"elong + andro"
"1185",2.5,-0.3535,0.033276171201675,-2.35,"elong + andro"
"1186",-1.5,-0.4597,-0.00374399329535974,-2.38,"elong + andro"
"1187",-5.5,-0.434,0.0816525673499855,0.52,"elong + andro"
"1188",4.5,-0.09215,-0.0679707442972713,-2.99,"elong + andro"
"1189",-1,-0.3428,0.104292722582735,0.0300000000000002,"elong + andro"
"1190",2,-0.0805,-0.023970178163145,-0.79,"elong + andro"
"1191",-4,-0.3516,0.0202364644510994,-2.29,"elong + andro"
"1192",0,-0.17575,-0.0161285453327831,7.55,"elong + andro"
"1193",1.5,-0.1866,0.00906986721578618,-2.99,"elong + andro"
"1194",-4,-0.9424,0.0736164439599497,4.47,"elong + andro"
"1195",-1,-0.2236,0.0502101407143778,-2.81,"elong + andro"
"1196",0.5,-0.0980999999999999,-0.00572865518660154,-1.9,"elong + andro"
"1197",-3.5,-0.42925,0.114559879486686,2.23,"elong + andro"
"1198",2,-0.82835,0.107446744607363,-3.48,"elong + andro"
"1199",5,-0.2959,-0.0585913309225475,-1.1,"elong + andro"
"1200",2,-0.906,-0.0124269394114849,-2.78,"elong + andro"
"1201",2,1.11022302462516e-16,0.0746486501198104,2.99,"elong + andro"
"1202",-1,-0.2873,0.0728502959471273,-0.67,"elong + andro"
"1203",-1,-0.32885,0.0910319807247093,-1.4,"elong + andro"
"1204",-1,-0.8517,0.0288460673293376,-2.7,"elong + andro"
"1205",-0.5,-0.39195,-0.0564275055456113,-2.72,"elong + andro"
"1206",2,-0.25625,0.0142797503464936,-2.72,"elong + andro"
"1207",4,0.0589499999999999,0.0901639410848344,-4.28,"elong + andro"
"1208",3.5,-0.7424,0.0601594232063777,-1.86,"elong + andro"
"1209",5.5,-0.20025,-0.0292565539485779,2.99,"elong + andro"
"1210",4,-0.37325,0.123025046268121,2.9,"elong + andro"
"1211",2,-0.23945,-0.0601291114669095,6.35,"elong + andro"
"1212",1.5,-0.30315,-0.00247337153587379,2.29,"elong + andro"
"1213",0,-0.83575,-0.00119728968816452,3.77,"elong + andro"
"1214",1.5,-0.8505,0.0290782727488813,-1.04,"elong + andro"
"1215",2,-0.92935,0.0901639410848344,4.41,"elong + andro"
"1216",-4.5,-0.0980999999999999,0.0269144473719451,-0.720000000000002,"elong + andro"
"1217",6,-0.2616,0.0401751892299709,-1.96,"elong + andro"
"1218",0.5,-0.21895,0.0746486501198104,-1.16,"elong + andro"
"1219",0.5,-0.3333,0.0331434379594441,0.52,"elong + andro"
"1220",-3.5,-0.1866,0.0910319807247093,-1.4,"elong + andro"
"1221",1.5,0.0919,0.0419493718459656,6.35,"elong + andro"
"1222",-8,-0.3333,0.0860826712223229,-1.1,"elong + andro"
"1223",-6.5,-0.30315,0.103016640735026,-1.15,"elong + andro"
"1224",-2.5,-0.3535,-0.00590781867229589,-1.04,"elong + andro"
"1225",-0.5,-0.1325,0.132404459642845,-3.14,"elong + andro"
"1226",-1,-0.34045,-0.023970178163145,-0.15,"elong + andro"
"1227",-4,-0.7498,0.0757802693368858,-0.630000000000001,"elong + andro"
"1228",8.5,-0.32885,0.128382397978342,0.989999999999998,"elong + andro"
"1229",-2,-0.1866,0.0375192679736281,0.549999999999999,"elong + andro"
"1230",4,-0.31145,0.0736164439599497,-1.33,"elong + andro"
"1231",5.5,-0.2616,0.00735292318572978,-1.83,"elong + andro"
"1232",0,-0.82835,0.0687998676997942,-0.699999999999999,"elong + andro"
"1233",-0.5,-0.1698,0.104159989340504,0.46,"elong + andro"
"1234",3.5,-0.8591,0.104292722582735,-0.59,"elong + andro"
"1235",0.5,-0.1866,0.0910319807247093,-1.86,"elong + andro"
"1236",0,-0.0135999999999999,0.00716661546717107,2.29,"elong + andro"
"1237",-1,-0.34875,0.105742242745592,0.46,"elong + andro"
"1238",0,-0.11345,0.0687998676997942,-0.15,"elong + andro"
"1239",4.5,-0.3535,-0.0172718939382615,3.77,"elong + andro"
"1240",-5.5,-0.19385,0.0317797032027594,-0.0899999999999999,"elong + andro"
"1241",6,0.0919,0.108373992445246,-1.4,"elong + andro"
"1242",-0.5,-0.2628,0.0642370305852258,-2.97,"elong + andro"
"1243",1,-0.23115,0.0401751892299709,2.9,"elong + andro"
"1244",-1,-0.7498,-0.00590781867229589,7.46,"elong + andro"
"1245",0,-0.8343,0.0246665683234369,3.86,"elong + andro"
"1246",1.5,-0.2785,0.00195673233646365,-1.4,"elong + andro"
"1247",-6.5,-0.8505,0.0317797032027594,-2.99,"elong + andro"
"1248",2,-0.186,-0.071226027947999,2.23,"elong + andro"
"1249",1,-0.2798,-0.023837444920914,0.52,"elong + andro"
"1250",-3.5,-0.1812,0.0142797503464936,-0.21,"elong + andro"
"1251",-0.5,-0.2885,-0.0124269394114849,-1.77,"elong + andro"
"1252",-2.5,-0.13845,-0.0783391628273216,4.22,"elong + andro"
"1253",2,-0.2062,-0.0585913309225475,4.13,"elong + andro"
"1254",4.5,-0.19385,0.00690604183885002,-1.1,"elong + andro"
"1255",4,-0.8505,-0.0152872320470198,-1.15,"elong + andro"
"1256",-0.5,-0.2867,0.0928587014802225,1.75,"elong + andro"
"1257",0.5,0.00740000000000007,0.0757802693368858,-2.99,"elong + andro"
"1258",0.5,-0.92935,0.0269144473719451,1.05,"elong + andro"
"1259",-2,-0.27255,0.0951132505872208,-3.48,"elong + andro"
"1260",-6.5,-0.91195,-0.00374399329535974,3.52,"elong + andro"
"1261",-5,-0.9598,0.0817617849991329,-0.67,"elong + andro"
"1262",6,-0.34045,-0.0386359673233017,3.97,"elong + andro"
"1263",2.5,-0.1229,0.0908992474824784,4.56,"elong + andro"
"1264",4,-0.99245,-0.00247337153587379,-0.59,"elong + andro"
"1265",5,-0.04655,0.0246665683234369,-2.81,"elong + andro"
"1266",-1,0.0992999999999999,0.00716661546717107,-1.94,"elong + andro"
"1267",2,-0.09215,0.0687998676997942,-2.47,"elong + andro"
"1268",0.5,-0.1812,0.0403893060809976,-3.14,"elong + andro"
"1269",6,1.11022302462516e-16,-0.0272254618138726,-1.58,"elong + andro"
"1270",-2,-0.32885,0.0737491772021805,-1.54,"elong + andro"
"1271",0.5,-0.0329499999999999,-0.00590781867229589,2.23,"elong + andro"
"1272",2.5,-0.24685,0.115121656120316,-0.759999999999999,"elong + andro"
"1273",-6.5,-0.34875,0.127455150140458,2.17,"elong + andro"
"1274",3.5,-0.9222,0.0202364644510994,-1.04,"elong + andro"
"1275",4.5,-0.2062,0.11017234661793,-1.85,"elong + andro"
"1276",-1,-0.186,0.0601594232063777,-1.1,"elong + andro"
"1277",1,-0.25625,0.0972770759641569,-1.9,"elong + andro"
"1278",5,0.0216500000000001,-0.0564275055456113,3.52,"elong + andro"
"1279",0.5,-0.2873,0.0514862225620871,-0.759999999999999,"elong + andro"
"1280",-4,-0.20025,0.0403893060809976,-0.699999999999999,"elong + andro"
"1281",2,-1.0229,-0.023837444920914,-0.339999999999999,"elong + andro"
"1282",0.5,-0.83575,0.0380927474618305,5.08,"elong + andro"
"1283",1.5,-0.00619999999999998,0.0595895540891016,0.549999999999999,"elong + andro"
"1284",1,-0.2702,-0.023837444920914,-3.48,"elong + andro"
"1285",2,-0.1609,0.128382397978342,4.22,"elong + andro"
"1286",-6.5,-0.0135999999999999,-0.0635406404249338,-0.43,"elong + andro"
"1287",-6.5,-0.21955,-0.0733898533249352,-1.54,"elong + andro"
"1288",2.5,-0.34755,-0.00572865518660154,-2.53,"elong + andro"
"1289",5.5,-0.359,-0.023837444920914,-3.17,"elong + andro"
"1290",-1,-0.2628,0.0757802693368858,-0.589999999999999,"elong + andro"
"1291",6,-0.34045,0.0296158778258233,-1.94,"elong + andro"
"1292",-4,-0.0642999999999999,0.108373992445246,-1.46,"elong + andro"
"1293",1,-0.7424,0.0380927474618305,6.85,"elong + andro"
"1294",4.5,-0.3259,0.134568285019781,-1.33,"elong + andro"
"1295",-2.5,-0.82005,-0.0159958120905522,-2.78,"elong + andro"
"1296",-3.5,-0.8343,0.14566520150087,-0.0600000000000005,"elong + andro"
"1297",-4,0.0589499999999999,0.0269144473719451,-0.589999999999999,"elong + andro"
"1298",4.5,-0.9598,-0.0386359673233017,-3.92,"elong + andro"
"1299",-3.5,-0.2885,0.0402565728387667,-0.49,"elong + andro"
"1300",-5,-0.19385,0.0331434379594441,6.85,"elong + andro"
"1301",-2.5,-0.359,0.0317797032027594,0.989999999999998,"elong + andro"
"1302",1,-0.0980999999999999,0.11239605410975,-1.52,"elong + andro"
"1303",2,-0.2528,0.0817617849991329,-0.720000000000002,"elong + andro"
"1304",-3,-0.2867,0.0375192679736281,2.29,"elong + andro"
"1305",0.5,-0.28575,0.125656795967775,-2.99,"elong + andro"
"1306",4.5,-0.13845,0.00735292318572978,-1.11,"elong + andro"
"1307",-5,-0.0503499999999999,-0.0679707442972713,-1.52,"elong + andro"
"1308",-5.5,-0.00880000000000003,0.0382254807040614,-0.15,"elong + andro"
"1309",1,-0.3259,0.123025046268121,-0.720000000000002,"elong + andro"
"1310",1.5,-0.82835,0.0868771858179753,4.13,"elong + andro"
"1311",2,-0.31145,-0.0827692666996591,-1.52,"elong + andro"
"1312",4,-0.0135999999999999,0.0419493718459656,-3.84,"elong + andro"
"1313",6.5,-0.11345,0.0860826712223229,-0.339999999999999,"elong + andro"
"1314",4,-0.2628,0.115121656120316,-1.16,"elong + andro"
"1315",6,-0.1325,0.0490625067252882,-2.81,"elong + andro"
"1316",-0.5,-0.82005,0.085949937980092,-1.46,"elong + andro"
"1317",-2,-0.9222,-0.00247337153587379,-2.7,"elong + andro"
"1318",-2.5,-0.87465,0.0686671344575633,-1.86,"elong + andro"
"1319",4,-0.34875,0.0857338372124969,-2.7,"elong + andro"
"1320",4.5,-0.40355,0.0514862225620871,0.52,"elong + andro"
"1321",3,-0.186,0.114559879486686,-3.14,"elong + andro"
"1322",0,-0.3709,0.103016640735026,-0.85,"elong + andro"
"1323",0.5,-0.027,0.0857338372124969,-2.38,"elong + andro"
"1324",-0.5,-0.1007,0.0687998676997942,-0.649999999999999,"elong + andro"
"1325",-0.5,-0.0838499999999999,-0.0585913309225475,4.13,"elong + andro"
"1326",-7,-0.7424,0.0795979596221967,-0.0899999999999999,"elong + andro"
"1327",-3.5,-0.34045,0.00273651159483362,-1.94,"elong + andro"
"1328",-2,-0.0135999999999999,0.0546402445867152,-3.78,"elong + andro"
"1329",5,-0.1866,0.0816525673499855,-1.83,"elong + andro"
"1330",2,0.0992999999999999,0.0746486501198104,4.22,"elong + andro"
"1331",3.5,-0.3428,-0.0635406404249338,-0.21,"elong + andro"
"1332",2.5,-0.93645,0.0642370305852258,4.13,"elong + andro"
"1333",-2.5,-0.1698,0.046898681348352,-1.16,"elong + andro"
"1334",-5,-0.0995499999999999,0.0931958061016455,4.65,"elong + andro"
"1335",-0.5,-0.0702499999999998,0.0287133340871066,-0.0899999999999994,"elong + andro"
"1336",-2,-0.42925,0.117285481497252,-2.53,"elong + andro"
"1337",-6.5,-0.0838499999999999,0.0870099190602062,3.52,"elong + andro"
"1338",6.5,-0.40355,-0.0386359673233017,-0.649999999999999,"elong + andro"
"1339",1,-1.0229,0.0288460673293376,-1.46,"elong + andro"
"1340",1,-0.2798,-0.0292565539485779,-0.21,"elong + andro"
"1341",-3.5,-0.2236,-0.0145907647884211,0.0300000000000002,"elong + andro"
"1342",-2,-0.25625,0.0317797032027594,4.13,"elong + andro"
"1343",4.5,-0.1535,0.104159989340504,-1.46,"elong + andro"
"1344",1.5,-0.7498,-0.0585913309225475,-0.699999999999999,"elong + andro"
"1345",-4.5,-0.3516,0.0642370305852258,-0.85,"elong + andro"
"1346",-2.5,-0.28575,0.00690604183885002,-0.630000000000001,"elong + andro"
"1347",3,-0.1812,-0.0343385966931952,-2.7,"elong + andro"
"1348",2,-0.36625,0.11017234661793,-1.1,"elong + andro"
"1349",0,-0.1055,0.0428766196838489,-1.58,"elong + andro"
"1350",-3.5,-0.17575,-0.0733898533249352,0.46,"elong + andro"
"1351",6,-0.1698,-0.0679707442972713,4.65,"elong + andro"
"1352",-2.5,-0.0731000000000001,-0.0343385966931952,-2.29,"elong + andro"
"1353",6.5,-0.95515,-0.0387687005655327,3.45,"elong + andro"
"1354",-4,-0.8687,-0.00374399329535974,4.56,"elong + andro"
"1355",4.5,-0.8343,0.0246665683234369,-1.67,"elong + andro"
"1356",4,-0.2702,0.117285481497252,-2.81,"elong + andro"
"1357",3,0.00595000000000001,-0.0152872320470198,-1.39,"elong + andro"
"1358",-2.5,-0.1535,0.0746486501198104,3.52,"elong + andro"
"1359",1.5,-0.78275,-0.0161285453327831,0.52,"elong + andro"
"1360",2.5,-0.1792,0.0908992474824784,-0.67,"elong + andro"
"1361",-4,-0.2711,0.0857338372124969,-2.7,"elong + andro"
"1362",2,-0.8591,0.0930630728594146,3.97,"elong + andro"
"1363",-1,-0.3259,-0.023970178163145,-2.99,"elong + andro"
"1364",-7,-0.2236,0.0687998676997942,-0.649999999999999,"elong + andro"
"1365",1,-0.0135999999999999,0.00716661546717107,6.35,"elong + andro"
"1366",-1,-0.21955,0.0513534893198562,-2.72,"elong + andro"
"1367",-1,-0.0980999999999999,-0.0679707442972713,4.22,"elong + andro"
"1368",-1,-0.1229,0.0928587014802225,3.97,"elong + andro"
"1369",-2.5,-0.95515,0.0253766668275832,3.02,"elong + andro"
"1370",2,-0.3516,0.0142797503464936,7.55,"elong + andro"
"1371",0.5,-0.31145,0.00536826129448797,0.52,"elong + andro"
"1372",-1,-0.21955,-0.0194073410485766,0.609999999999999,"elong + andro"
"1373",7,0.01335,0.00273651159483362,2.93,"elong + andro"
"1374",-0.5,-0.1007,-0.0128417900659241,-1.58,"elong + andro"
"1375",-0.5,-0.0135999999999999,0.0643697638274567,-1.1,"elong + andro"
"1376",0,-0.21895,-0.071226027947999,-1.85,"elong + andro"
"1377",-2.5,-0.7424,0.0380927474618305,-2.99,"elong + andro"
"1378",-3.5,-0.28575,0.0253766668275832,7.46,"elong + andro"
"1379",2,-0.0503499999999999,0.115121656120316,-1.11,"elong + andro"
"1380",-2,-0.30315,0.0951132505872208,-1.6,"elong + andro"
"1381",2,-0.91195,-0.00374399329535974,-1.46,"elong + andro"
"1382",4,-0.42925,-0.0144580315461902,-1.11,"elong + andro"
"1383",-1,-0.82835,0.0737491772021805,3.77,"elong + andro"
"1384",-1,-0.0329499999999999,0.046898681348352,-3.84,"elong + andro"
"1385",-8,-0.3966,0.0816525673499855,-1.58,"elong + andro"
"1386",-3.5,-0.2785,0.0817617849991329,-0.759999999999999,"elong + andro"
"1387",-5.5,-0.2711,-0.0585913309225475,-1.46,"elong + andro"
"1388",4,-0.82005,0.0816525673499855,-0.649999999999999,"elong + andro"
"1389",3,-0.91195,0.0382254807040614,2.23,"elong + andro"
"1390",-0.5,-0.8343,0.0219651378695588,-3.14,"elong + andro"
"1391",2.5,-0.8343,0.0401751892299709,-2.38,"elong + andro"
"1392",4,-0.9598,0.0868771858179753,-0.339999999999999,"elong + andro"
"1393",3.5,-0.36615,0.0686671344575633,-1.9,"elong + andro"
"1394",-4,-0.9598,-0.0159958120905522,-0.73,"elong + andro"
"1395",-3,-0.1055,-0.00247337153587379,-1.1,"elong + andro"
"1396",4,-0.1325,0.00273651159483362,2.99,"elong + andro"
"1397",5,-0.2628,-0.00590781867229589,2.99,"elong + andro"
"1398",-8.5,-0.3259,-0.0387687005655327,3.89,"elong + andro"
"1399",8,0.0216500000000001,0.132404459642845,4.65,"elong + andro"
"1400",-2.5,0.0216500000000001,0.00690604183885002,-1.11,"elong + andro"
"1401",-5.5,-0.1181,-0.0564275055456113,-0.21,"elong + andro"
"1402",1,-0.21955,-0.0128417900659241,-2.99,"elong + andro"
"1403",-4.5,-0.39195,0.115121656120316,-1.58,"elong + andro"
"1404",8,-0.359,0.0595895540891016,-1.96,"elong + andro"
"1405",3,-0.30315,0.0736164439599497,-0.73,"elong + andro"
"1406",3,-0.4597,0.0502101407143778,-0.21,"elong + andro"
"1407",-2,-0.0173999999999999,0.0175350339972213,4.22,"elong + andro"
"1408",-3.5,0.01335,-0.00247337153587379,7.55,"elong + andro"
"1409",-3.5,-0.1812,0.0868771858179753,0.0300000000000002,"elong + andro"
"1410",0,-0.11345,-0.0145907647884211,-1.04,"elong + andro"
"1411",-2,-0.3171,0.0490625067252882,2.9,"elong + andro"
"1412",1.5,-0.2528,-0.0585913309225475,-2.38,"elong + andro"
"1413",-2.5,-0.186,0.00536826129448797,0.0300000000000002,"elong + andro"
"1414",1,0.00740000000000007,0.0287133340871066,-2.28,"elong + andro"
"1415",-2.5,-0.3055,0.117285481497252,-0.339999999999999,"elong + andro"
"1416",1,-0.9598,0.085949937980092,-0.339999999999999,"elong + andro"
"1417",4.5,-0.2628,0.105742242745592,-2.53,"elong + andro"
"1418",2,-0.0642999999999999,0.0972770759641569,1.73,"elong + andro"
"1419",8.5,-0.2628,0.114559879486686,-2.47,"elong + andro"
"1420",6.5,-0.2062,-0.00374399329535974,-2.64,"elong + andro"
"1421",-3,-0.2885,0.0403893060809976,3.16,"elong + andro"
"1422",6.5,-0.9148,0.0403893060809976,-1.58,"elong + andro"
"1423",1,-0.2798,-0.0453305890645218,-0.21,"elong + andro"
"1424",-0.5,-0.2711,0.00716661546717107,0.52,"elong + andro"
"1425",-4.5,-0.15075,0.0901639410848344,-1.24,"elong + andro"
"1426",-6.5,-0.2628,0.104292722582735,-0.649999999999999,"elong + andro"
"1427",-0.5,-0.95515,0.033276171201675,6.79,"elong + andro"
"1428",4,-0.36615,0.125656795967775,-0.649999999999999,"elong + andro"
"1429",2,-0.34755,-0.00572865518660154,3.52,"elong + andro"
"1430",2.5,-0.23115,0.132404459642845,-1.4,"elong + andro"
"1431",2,-0.1786,0.0331434379594441,2.23,"elong + andro"
"1432",4,-0.20025,0.0601594232063777,-0.649999999999999,"elong + andro"
"1433",3.5,-0.2236,-0.0172718939382615,-0.21,"elong + andro"
"1434",-1,-0.1229,0.033276171201675,-0.21,"elong + andro"
"1435",1,-0.2062,0.0290782727488813,-4.44089209850063e-16,"elong + andro"
"1436",-0.5,-0.1181,-0.00247337153587379,-3.14,"elong + andro"
"1437",2.5,-0.3709,-0.0601291114669095,-1.67,"elong + andro"
"1438",4,-0.04655,-0.012294206169254,4.47,"elong + andro"
"1439",4.5,-0.2798,-0.00572865518660154,-2.72,"elong + andro"
"1440",1.5,-0.2867,-0.0172718939382615,-3.84,"elong + andro"
"1441",1,-0.34045,0.0331434379594441,2.99,"elong + andro"
"1442",0.5,-0.9148,0.0795979596221967,-2.34,"elong + andro"
"1443",-2,-0.28575,0.0331434379594441,-1.11,"elong + andro"
"1444",3,-0.2959,0.0931958061016455,-1.46,"elong + andro"
"1445",0.5,-0.0642999999999999,-0.0128417900659241,-0.759999999999999,"elong + andro"
"1446",-8.5,-0.3966,-0.0270927285716417,0.609999999999999,"elong + andro"
"1447",0.5,-0.11345,0.0253766668275832,0.52,"elong + andro"
"1448",-3,-0.1786,-0.0342058634509643,-3.78,"elong + andro"
"1449",2,-1.0229,0.0331434379594441,3.52,"elong + andro"
"1450",4.5,-0.3333,0.128382397978342,-1.91,"elong + andro"
"1451",-0.5,-0.0503499999999999,0.0401751892299709,-1.33,"elong + andro"
"1452",-1.5,-0.186,0.0201667836968757,-3.78,"elong + andro"
"1453",0,-0.34755,0.0142797503464936,-0.589999999999999,"elong + andro"
"1454",2,-0.3966,0.0746486501198104,-1.11,"elong + andro"
"1455",2,-0.3709,0.085949937980092,2.9,"elong + andro"
"1456",-5.5,-0.13845,-0.0733898533249352,-2.29,"elong + andro"
"1457",2,-0.0642999999999999,0.0928587014802225,-0.61,"elong + andro"
"1458",3,0.00595000000000001,0.0490625067252882,2.23,"elong + andro"
"1459",-4,-0.89205,-0.00247337153587379,-3.05,"elong + andro"
"1460",-0.5,-0.8517,0.0617533794660378,3.52,"elong + andro"
"1461",2.5,-0.82835,0.0931958061016455,-1.17,"elong + andro"
"1462",4.5,-0.21895,0.0910319807247093,-1.77,"elong + andro"
"1463",-1,0.01335,0.132404459642845,0.0300000000000002,"elong + andro"
"1464",3,-0.1866,0.134568285019781,-1.4,"elong + andro"
"1465",1,-0.9598,-0.023970178163145,-3.05,"elong + andro"
"1466",6.5,-0.87465,0.107446744607363,-2.03,"elong + andro"
"1467",-5,-0.2062,0.0857338372124969,2.99,"elong + andro"
"1468",1.5,-0.34045,0.0928587014802225,3.52,"elong + andro"
"1469",6.5,-0.8687,0.134568285019781,-2.03,"elong + andro"
"1470",4,-0.37325,-0.0270927285716417,4.65,"elong + andro"
"1471",0.5,-0.1812,0.00735292318572978,-0.0899999999999994,"elong + andro"
"1472",-2,-0.359,0.11239605410975,-1.24,"elong + andro"
"1473",-2,-0.28575,0.0403893060809976,-1.52,"elong + andro"
"1474",2.5,-0.89205,-0.023837444920914,2.84,"elong + andro"
"1475",-2.5,-0.93645,-0.0453305890645218,4.41,"elong + andro"
"1476",-3,-0.8417,0.0860826712223229,6.79,"elong + andro"
"1477",-4,-0.906,0.105742242745592,2.17,"elong + andro"
"1478",0,-0.30315,0.123025046268121,-2.64,"elong + andro"
"1479",-3.5,0.0992999999999999,0.0737491772021805,3.46,"elong + andro"
"1480",6.5,-0.15075,0.0757802693368858,1.75,"elong + andro"
"1481",5,-0.04655,-0.0635406404249338,-3.42,"elong + andro"
"1482",-4,-0.78275,-0.0108571281746823,3.97,"elong + andro"
"1483",4.5,-0.1007,0.0928587014802225,3.52,"elong + andro"
"1484",-1,-0.906,0.00536826129448797,0.610000000000001,"elong + andro"
"1485",8.5,-0.2959,-0.00133002293039541,-2.47,"elong + andro"
"1486",1,-0.2711,-0.0152872320470198,7.55,"elong + andro"
"1487",1,-0.7424,0.0595895540891016,-0.43,"elong + andro"
"1488",0,-0.2236,0.0795979596221967,4.47,"elong + andro"
"1489",4,-0.21895,0.0868771858179753,1.66,"elong + andro"
"1490",4.5,-0.00880000000000003,0.0142797503464936,-1.52,"elong + andro"
"1491",0.5,-0.27255,0.00195673233646365,-0.59,"elong + andro"
"1492",5,-0.8687,-0.00590781867229589,3.46,"elong + andro"
"1493",-2.5,-0.40355,-0.00572865518660154,-3.42,"elong + andro"
"1494",-1,-0.13845,0.0202364644510994,3.52,"elong + andro"
"1495",3,-0.2867,-0.0564275055456113,-1.6,"elong + andro"
"1496",2.5,-0.39195,-0.071226027947999,-1.33,"elong + andro"
"1497",-2.5,-0.0731000000000001,0.0643697638274567,-1.52,"elong + andro"
"1498",2,-0.2616,-0.00590781867229589,4.41,"elong + andro"
"1499",-5,-0.87465,0.0746486501198104,-3.84,"elong + andro"
"1500",-3.5,-0.1786,-0.0078924805635377,-2.97,"elong + andro"
