"phylodistance","pred_m2","upper","lower","category"
30,0.989458921347338,1.04666058841587,0.966832818358296,"(b)"
32.188376753507,0.989164564736538,1.04619483218264,0.96663335354233,"(b)"
34.376753507014,0.988870295694624,1.0457292885368,0.966433931730901,"(b)"
36.565130260521,0.988576114195543,1.04526395737903,0.966234552914379,"(b)"
38.7535070140281,0.988282020213252,1.04479883861009,0.966035217083139,"(b)"
40.9418837675351,0.987988013721717,1.04433393213077,0.965835924227557,"(b)"
43.1302605210421,0.987694094694908,1.0438692378419,0.965636674338009,"(b)"
45.3186372745491,0.987400263106806,1.04340475564438,0.965437467404876,"(b)"
47.5070140280561,0.987106518931399,1.04294048543912,0.96523830341854,"(b)"
49.6953907815631,0.986812862142681,1.04247642712712,0.965039182369386,"(b)"
51.8837675350701,0.986519292714657,1.0420125806094,0.9648401042478,"(b)"
54.0721442885771,0.986225810621337,1.04154894578704,0.964641069044172,"(b)"
56.2605210420842,0.985932415836738,1.04108552256116,0.964470425991149,"(b)"
58.4488977955912,0.985639108334889,1.04062231083292,0.964329737739614,"(b)"
60.6372745490982,0.985345888089822,1.04015931050354,0.964189070192115,"(b)"
62.8256513026052,0.98505275507558,1.03969652147428,0.964048423345579,"(b)"
65.0140280561122,0.984759709266212,1.03923394364646,0.963907797196932,"(b)"
67.2024048096192,0.984466750635775,1.03877157692144,0.963767191743103,"(b)"
69.3907815631263,0.984173879158335,1.0383094212006,0.963626606981019,"(b)"
71.5791583166333,0.983881094807963,1.03784747638542,0.963486042907609,"(b)"
73.7675350701403,0.98358839755874,1.03738574237738,0.963345499519802,"(b)"
75.9559118236473,0.983295787384754,1.03692421907803,0.963204976814527,"(b)"
78.1442885771543,0.983003264260102,1.03646290638896,0.963064474788713,"(b)"
80.3326653306613,0.982710828158886,1.0360074175961,0.962898516441267,"(b)"
82.5210420841683,0.982418479055217,1.0355539257542,0.962696685776572,"(b)"
84.7094188376753,0.982126216923215,1.03510063769531,0.962494903687136,"(b)"
86.8977955911824,0.981834041737006,1.03464755332556,0.962293170160098,"(b)"
89.0861723446894,0.981541953470724,1.03419467255114,0.962091485182602,"(b)"
91.2745490981964,0.981249952098512,1.03374199527829,0.961889848741794,"(b)"
93.4629258517034,0.980958037594519,1.03328952141326,0.961688260824826,"(b)"
95.6513026052104,0.980666209932902,1.03283725086239,0.961486721418851,"(b)"
97.8396793587174,0.980374469087826,1.03238518353203,0.961250167592747,"(b)"
100.028056112224,0.980082815033465,1.0319333193286,0.960961079801665,"(b)"
102.216432865731,0.979791247743998,1.03148165815853,0.96067160153676,"(b)"
104.404809619238,0.979499767193614,1.03103019992833,0.960382045736068,"(b)"
106.593186372745,0.979208373356508,1.03057894454453,0.960092577253132,"(b)"
108.781563126253,0.978917066206885,1.03012789191372,0.959803196061605,"(b)"
110.96993987976,0.978625845718954,1.02967704194252,0.959513902135153,"(b)"
113.158316633267,0.978334711866934,1.0292263945376,0.95924378922825,"(b)"
115.346693386774,0.978043664625054,1.02877594960568,0.95903157415434,"(b)"
117.535070140281,0.977752703967545,1.02832570705352,0.958817547345028,"(b)"
119.723446893788,0.977461829868651,1.02787566678791,0.958558383257274,"(b)"
121.911823647295,0.97717104230262,1.02742582871571,0.958268573359824,"(b)"
124.100200400802,0.97688034124371,1.0269761927438,0.957978851150201,"(b)"
126.288577154309,0.976589726666186,1.02652675877912,0.957689216601854,"(b)"
128.476953907816,0.976299198544319,1.02607752672864,0.957399669688238,"(b)"
130.665330661323,0.976008756852391,1.02562849649939,0.957110210382818,"(b)"
132.85370741483,0.975718401564688,1.02517966799843,0.956820838659066,"(b)"
135.042084168337,0.975428132655507,1.02473104113287,0.956531554490462,"(b)"
137.230460921844,0.97513795009915,1.02428261580986,0.956242357850494,"(b)"
139.418837675351,0.974847853869928,1.0238343919366,0.955988421178397,"(b)"
141.607214428858,0.974557843942159,1.02338636942032,0.955747005376528,"(b)"
143.795591182365,0.974267920290169,1.02293854816832,0.955501301621412,"(b)"
145.983967935872,0.973978082888292,1.02249092808792,0.955255664116758,"(b)"
148.172344689379,0.97368833171087,1.02204350908649,0.955010092843965,"(b)"
150.360721442886,0.97339866673225,1.02164422811639,0.954764587784439,"(b)"
152.549098196393,0.973109087926789,1.02127051230334,0.954519148919589,"(b)"
154.7374749499,0.972819595268852,1.0208969332136,0.954273776230833,"(b)"
156.925851703407,0.972530188732811,1.02052349079715,0.954056438214531,"(b)"
159.114228456914,0.972240868293044,1.02015018500397,0.953838292582703,"(b)"
161.302605210421,0.971951633923939,1.01977701578408,0.953620200227072,"(b)"
163.490981963928,0.97166248559989,1.01940398308751,0.953402161133883,"(b)"
165.679358717435,0.971373423295299,1.0190310868643,0.953184175289384,"(b)"
167.867735470942,0.971084446984577,1.01865832706451,0.952966242679828,"(b)"
170.056112224449,0.970795556642141,1.01828570363823,0.952715065887665,"(b)"
172.244488977956,0.970506752242416,1.01791321653557,0.952423889473645,"(b)"
174.432865731463,0.970218033759835,1.01754086570663,0.952132802226699,"(b)"
176.62124248497,0.969929401168837,1.01716865110156,0.951841804119469,"(b)"
178.809619238477,0.969640854443872,1.01679657267052,0.951550895124602,"(b)"
180.997995991984,0.969352393559394,1.01642463036367,0.951265669424262,"(b)"
183.186372745491,0.969064018489866,1.01605282413122,0.951047589103229,"(b)"
185.374749498998,0.968775729209759,1.01568115392336,0.950824726124493,"(b)"
187.563126252505,0.968487525693552,1.01530961969034,0.95060112878995,"(b)"
189.751503006012,0.96819940791573,1.01493822138239,0.950377587355978,"(b)"
191.939879759519,0.967911375850787,1.01456695894978,0.950154101807891,"(b)"
194.128256513026,0.967623429473224,1.0141958323428,0.949930672131004,"(b)"
196.316633266533,0.967335568757549,1.01382484151175,0.94970729831064,"(b)"
198.50501002004,0.967047793678279,1.01345398640694,0.949483980332123,"(b)"
200.693386773547,0.966760104209937,1.01308326697872,0.949203769656739,"(b)"
202.881763527054,0.966472500327056,1.01271268317744,0.9488842294135,"(b)"
205.070140280561,0.966184982004173,1.01234223495348,0.948564798889382,"(b)"
207.258517034068,0.965897549215836,1.01197192225722,0.948245478045989,"(b)"
209.446893787575,0.965610201936598,1.01160174503909,0.947926266844944,"(b)"
211.635270541082,0.965322940141021,1.0112317032495,0.94760716524788,"(b)"
213.823647294589,0.965035763803675,1.0108617968389,0.947288173216446,"(b)"
216.012024048096,0.964748672899137,1.01044873322052,0.946969290712303,"(b)"
218.200400801603,0.96446166740199,1.00995791540478,0.946650517697127,"(b)"
220.38877755511,0.964174747286826,1.00946735009895,0.946329301150745,"(b)"
222.577154308617,0.963887912528246,1.00897703716687,0.946006239533561,"(b)"
224.765531062124,0.963601163100856,1.00848697647243,0.94568329034683,"(b)"
226.953907815631,0.963314498979271,1.0079971678796,0.945375457040177,"(b)"
229.142284569138,0.963027920138112,1.00750761125244,0.945121545172216,"(b)"
231.330661322645,0.962741426552011,1.00701830645508,0.944867701944688,"(b)"
233.519038076152,0.962455018195603,1.00652925335171,0.944613927338917,"(b)"
235.707414829659,0.962168695043534,1.00604045180661,0.944360221336235,"(b)"
237.895791583166,0.961882457070456,1.00555190168413,0.944106583917975,"(b)"
240.084168336673,0.961596304251029,1.00506360284872,0.943833431926329,"(b)"
242.27254509018,0.961310236559921,1.00457555516486,0.943512076549441,"(b)"
244.460921843687,0.961024253971805,1.00408775849715,0.943173724854162,"(b)"
246.649298597194,0.960738356461366,1.00360021271024,0.942832901367444,"(b)"
248.837675350701,0.960452544003293,1.00311291766885,0.94249220522217,"(b)"
251.026052104208,0.960166816572283,1.00262587323781,0.94215163636933,"(b)"
253.214428857715,0.959881174143041,1.00213907928199,0.941811194759932,"(b)"
255.402805611222,0.959595616690281,1.00165325673289,0.941494771735002,"(b)"
257.591182364729,0.959310144188722,1.00117881092458,0.94121895852557,"(b)"
259.779559118236,0.959024756613092,1.00070460382275,0.940943226118451,"(b)"
261.967935871744,0.958739453938126,1.00023063530092,0.940667574489971,"(b)"
264.156312625251,0.958454236138567,0.99975690523269,0.940392003616465,"(b)"
266.344689378757,0.958169103189164,0.999283413491717,0.940116513474274,"(b)"
268.533066132265,0.957884055064677,0.99881015995174,0.939841104039747,"(b)"
270.721442885772,0.957599091739869,0.998337144486563,0.939565775289239,"(b)"
272.909819639279,0.957314213189514,0.997864366970059,0.939290527199112,"(b)"
275.098196392786,0.957029419388392,0.997391827276172,0.939015359745734,"(b)"
277.286573146293,0.956744710311291,0.996919525278914,0.938740272905483,"(b)"
279.4749498998,0.956460085933006,0.996447460852369,0.938465266654742,"(b)"
281.663326653307,0.956175546228339,0.995975633870687,0.938190340969898,"(b)"
283.851703406814,0.955891091172101,0.99550404420809,0.937897402941512,"(b)"
286.040080160321,0.955606720739109,0.995032691738868,0.937575984624069,"(b)"
288.228456913828,0.95532243490419,0.994561576337381,0.937254678873984,"(b)"
290.416833667335,0.955038233642174,0.994090697878058,0.93693348565101,"(b)"
292.605210420842,0.954754116927904,0.993620056235398,0.936612404914917,"(b)"
294.793587174349,0.954470084736226,0.993149651283968,0.936291436625488,"(b)"
296.981963927856,0.954186137041996,0.992679482898404,0.935970580742522,"(b)"
299.170340681363,0.953902273820075,0.992209550953413,0.935649837225831,"(b)"
301.35871743487,0.953618495045335,0.991739855323769,0.935329206035243,"(b)"
303.547094188377,0.953334800692653,0.991307477753477,0.9350086871306,"(b)"
305.735470941884,0.953051190736914,0.990939560020408,0.934684119443948,"(b)"
307.923847695391,0.95276766515301,0.990571778944618,0.93435907570154,"(b)"
310.112224448898,0.952484223915842,0.990204134475309,0.934034147404265,"(b)"
312.300601202405,0.952200867000317,0.9898366265617,0.933709334510311,"(b)"
314.488977955912,0.95191759438135,0.989469255153031,0.933384636977886,"(b)"
316.677354709419,0.951634406033863,0.989102020198559,0.933060054765208,"(b)"
318.865731462926,0.951351301932786,0.98873492164756,0.932735587830515,"(b)"
321.054108216433,0.951068282053057,0.988367959449331,0.932413563796421,"(b)"
323.24248496994,0.950785346369621,0.988001133553185,0.932164518357408,"(b)"
325.430861723447,0.950502494857428,0.987643313943255,0.931915540066807,"(b)"
327.619238476954,0.950219727491441,0.987247845608395,0.931666628906345,"(b)"
329.807615230461,0.949937044246624,0.98682072060925,0.931417784857753,"(b)"
331.995991983968,0.949654445097953,0.986393791472444,0.931169007902769,"(b)"
334.184368737475,0.949371930020411,0.985967058103784,0.930920298023136,"(b)"
336.372745490982,0.949089498988986,0.985540520409123,0.930671655200601,"(b)"
338.561122244489,0.948807151978675,0.985114178294361,0.930423079416915,"(b)"
340.749498997996,0.948524888964483,0.984688031665446,0.930174570653836,"(b)"
342.937875751503,0.948242709921421,0.984262080428372,0.929926128893127,"(b)"
345.12625250501,0.94796061482451,0.98383632448918,0.929651428596059,"(b)"
347.314629258517,0.947678603648774,0.983410763753956,0.929345474488082,"(b)"
349.503006012024,0.947396676369249,0.982985398128835,0.929031999182613,"(b)"
351.691382765531,0.947114832960976,0.98256022752,0.928718637191354,"(b)"
353.879759519038,0.946833073399004,0.982135251833677,0.928405388471041,"(b)"
356.068136272545,0.946551397658389,0.981710470976141,0.928076262591185,"(b)"
358.256513026052,0.946269805714195,0.981285884853713,0.927740308413035,"(b)"
360.444889779559,0.945988297541494,0.980861493372762,0.927391266416876,"(b)"
362.633266533066,0.945706873115363,0.980437296439703,0.927018029441075,"(b)"
364.821643286573,0.945425532410889,0.980013293960996,0.926644943118102,"(b)"
367.01002004008,0.945144275403165,0.979589485843149,0.926272007386971,"(b)"
369.198396793587,0.944863102067292,0.979165871992718,0.925938344106684,"(b)"
371.386773547094,0.944582012378379,0.978742452316302,0.925656847910084,"(b)"
373.575150300601,0.944301006311541,0.97831922672055,0.925375442078547,"(b)"
375.763527054108,0.944020083841901,0.977896195112155,0.925094126581654,"(b)"
377.951903807615,0.943739244944589,0.977473357397858,0.924812901389001,"(b)"
380.140280561122,0.943458489594744,0.977050713484446,0.924531766470191,"(b)"
382.328657314629,0.943177817767511,0.976634299461596,0.924250721794841,"(b)"
384.517034068136,0.942897229438041,0.976222396340917,0.923969767332575,"(b)"
386.705410821643,0.942616724581497,0.975810677897493,0.923683058121129,"(b)"
388.89378757515,0.942336303173043,0.97539914404408,0.923395636236201,"(b)"
391.082164328657,0.942055965187857,0.975084708027465,0.923108308563182,"(b)"
393.270541082164,0.941775710601119,0.974815839028522,0.92282107506982,"(b)"
395.458917835671,0.94149553938802,0.974547046379449,0.922533935723872,"(b)"
397.647294589178,0.941215451523756,0.974278330057984,0.922246890493108,"(b)"
399.835671342685,0.940935446983532,0.974009690041873,0.921959939345309,"(b)"
402.024048096192,0.940655525742559,0.973741126308866,0.921673082248268,"(b)"
404.212424849699,0.940375687776057,0.973472638836721,0.921386319169788,"(b)"
406.400801603206,0.940095933059252,0.973204227603203,0.921105268869132,"(b)"
408.589178356713,0.939816261567377,0.972935908898671,0.920850814174946,"(b)"
410.77755511022,0.939536673275675,0.972672290136648,0.920575878469133,"(b)"
412.965931863727,0.939257168159393,0.972408745009989,0.92029713674738,"(b)"
415.154308617234,0.938977746193788,0.972145273497536,0.920018487649096,"(b)"
417.342685370741,0.938698407354123,0.971881875578135,0.919739931141178,"(b)"
419.531062124248,0.938419151615668,0.971618551230643,0.919461467190537,"(b)"
421.719438877756,0.938139978953702,0.971355300433919,0.919183095764096,"(b)"
423.907815631263,0.937860889343509,0.971092123166829,0.918904816828789,"(b)"
426.09619238477,0.937581882760383,0.970829019408246,0.918625852563428,"(b)"
428.284569138277,0.937302959179624,0.97056598913705,0.91833906602098,"(b)"
430.472945891784,0.937024118576539,0.970303032332126,0.918052377215804,"(b)"
432.661322645291,0.936745360926443,0.970040148972364,0.917765786112341,"(b)"
434.849699398798,0.936466686204658,0.969777339036664,0.917479292675047,"(b)"
437.038076152305,0.936188094386513,0.969514602503928,0.917169784678219,"(b)"
439.226452905812,0.935909585447345,0.969251939353067,0.916827805259066,"(b)"
441.414829659319,0.935631159362499,0.968989349562997,0.916485954216622,"(b)"
443.603206412826,0.935352816107326,0.96872683311264,0.916144231502379,"(b)"
445.791583166333,0.935074555657184,0.968464389980926,0.915827089489776,"(b)"
447.97995991984,0.934796377987439,0.968202020146789,0.915530943553509,"(b)"
450.168336673347,0.934518283073466,0.96793972358917,0.915234893626538,"(b)"
452.356713426854,0.934240270890645,0.967677500287018,0.914938939677656,"(b)"
454.545090180361,0.933962341414364,0.967415350219284,0.91464308167567,"(b)"
456.733466933868,0.933684494620019,0.96715327336493,0.914347319589392,"(b)"
458.921843687375,0.933406730483011,0.966891269702921,0.914051653387648,"(b)"
461.110220440882,0.933129048978752,0.966629339212228,0.913756083039273,"(b)"
463.298597194389,0.932851450082658,0.966367481871832,0.913460608513113,"(b)"
465.486973947896,0.932573933770155,0.966105697660715,0.913165229778022,"(b)"
467.675350701403,0.932296500016675,0.965843986557869,0.912869946802866,"(b)"
469.86372745491,0.932019148797655,0.965582348542291,0.912574759556521,"(b)"
472.052104208417,0.931741880088545,0.965252552375068,0.912279668007873,"(b)"
474.240480961924,0.931464693864796,0.964922248862209,0.911984672125816,"(b)"
476.428857715431,0.93118759010187,0.964592058767413,0.911689771879258,"(b)"
478.617234468938,0.930910568775237,0.964261982051602,0.911394967237114,"(b)"
480.805611222445,0.930633629860371,0.963932018675714,0.911100258168312,"(b)"
482.993987975952,0.930356773332757,0.963602168600698,0.910805644641786,"(b)"
485.182364729459,0.930079999167883,0.963272431787516,0.910511126626484,"(b)"
487.370741482966,0.929803307341249,0.962942808197147,0.910216704091363,"(b)"
489.559118236473,0.929526697828358,0.96261329779058,0.909922377005389,"(b)"
491.74749498998,0.929250170604724,0.962283900528819,0.909628145337539,"(b)"
493.935871743487,0.928973725645866,0.96195461637288,0.909334009056801,"(b)"
496.124248496994,0.92869736292731,0.961625445283796,0.90903996813217,"(b)"
498.312625250501,0.928421082424591,0.96129638722261,0.908737357048065,"(b)"
500.501002004008,0.92814488411325,0.960967442150379,0.908433638686482,"(b)"
502.689378757515,0.927868767968836,0.960638610028176,0.908130022536744,"(b)"
504.877755511022,0.927592733966905,0.960309890817084,0.907826508564218,"(b)"
507.066132264529,0.92731678208302,0.959981284478201,0.907523096734282,"(b)"
509.254509018036,0.927040912292751,0.959652790972639,0.907219787012326,"(b)"
511.442885771543,0.926765124571677,0.959262269828186,0.906914902600407,"(b)"
513.63126252505,0.926489418895382,0.958848082420803,0.906609271875341,"(b)"
515.819639278557,0.926213795239459,0.958434084476232,0.906303744849587,"(b)"
518.008016032064,0.925938253579507,0.958020275903604,0.906008253025988,"(b)"
520.196392785571,0.925662793891133,0.957606656612097,0.905723068539638,"(b)"
522.384769539078,0.925387416149951,0.957193226510934,0.90542859860907,"(b)"
524.573146292585,0.925112120331583,0.956779985509381,0.905134224613164,"(b)"
526.761523046092,0.924836906411656,0.956366933516751,0.904833986794156,"(b)"
528.949899799599,0.924561774365808,0.955954070442401,0.904536342853359,"(b)"
531.138276553106,0.92428672416968,0.955546811590343,0.904251677920287,"(b)"
533.326653306613,0.924011755798923,0.955082049662315,0.903957627194184,"(b)"
535.51503006012,0.923736869229195,0.954582180218563,0.903662400331567,"(b)"
537.703406813627,0.923462064436161,0.95409964435565,0.903367270083991,"(b)"
539.891783567134,0.923187341395492,0.953758125160522,0.903072236419775,"(b)"
542.080160320641,0.922912700082869,0.953426015604691,0.902777299307247,"(b)"
544.268537074148,0.922638140473976,0.9530940459148,0.902482458714747,"(b)"
546.456913827655,0.922363662544509,0.952762216024891,0.902187714610625,"(b)"
548.645290581162,0.922089266270168,0.952430525869037,0.90189306696324,"(b)"
550.833667334669,0.921814951626661,0.952070866492732,0.901598515740963,"(b)"
553.022044088176,0.921540718589705,0.951592432683395,0.901304060912175,"(b)"
555.210420841683,0.92126656713502,0.951114239446976,0.901009702445268,"(b)"
557.39879759519,0.920992497238338,0.95063628666243,0.900715440308643,"(b)"
559.587174348697,0.920718508875396,0.950158574208773,0.900421274470713,"(b)"
561.775551102204,0.920444602021937,0.949681101965084,0.900127204899899,"(b)"
563.963927855711,0.920170776653714,0.949203869810501,0.899833231564634,"(b)"
566.152304609218,0.919897032746485,0.948726877624223,0.899539354433362,"(b)"
568.340681362725,0.919623370276015,0.948405008229863,0.899245573474537,"(b)"
570.529058116232,0.91934978921808,0.948083663159998,0.898960905624625,"(b)"
572.717434869739,0.919076289548457,0.947762451140332,0.898677722101531,"(b)"
574.905811623246,0.918802871242936,0.947441372109796,0.898394627796983,"(b)"
577.094188376754,0.918529534277311,0.947120426007352,0.898111622682868,"(b)"
579.282565130261,0.918256278627384,0.94680323422438,0.897828706731082,"(b)"
581.470941883768,0.917983104268964,0.946497686791378,0.897537383700397,"(b)"
583.659318637275,0.917710011177867,0.946163303362244,0.897223373365948,"(b)"
585.847695390782,0.917436999329918,0.945707625371297,0.89690947386324,"(b)"
588.036072144289,0.917164068700946,0.945252166906205,0.896591314974534,"(b)"
590.224448897796,0.916891219266791,0.944796927861175,0.896262448829754,"(b)"
592.412825651303,0.916618451003296,0.944341908130468,0.895933705619241,"(b)"
594.60120240481,0.916345763886315,0.943972130023133,0.895604529529445,"(b)"
596.789579158317,0.916073157891707,0.943692364876523,0.895271483134308,"(b)"
598.977955911824,0.915800632995338,0.943450370387748,0.894951845606301,"(b)"
601.166332665331,0.915528189173083,0.943338498777019,0.894656202905244,"(b)"
603.354709418838,0.915255826400822,0.943226640773481,0.894357515475223,"(b)"
605.543086172345,0.914983544654444,0.943114796375438,0.89405746413099,"(b)"
607.731462925852,0.914711343909844,0.942971099862807,0.893757515822124,"(b)"
609.919839679359,0.914439224142925,0.942662234330393,0.893444736698159,"(b)"
612.108216432866,0.914167185329596,0.94236374069294,0.893089857078711,"(b)"
614.296593186373,0.913895227445775,0.942065374612562,0.892748352799231,"(b)"
616.48496993988,0.913623350467385,0.941767136027322,0.892414308084031,"(b)"
618.673346693387,0.913351554370358,0.941469024875317,0.892080389472754,"(b)"
620.861723446894,0.913079839130632,0.941171041094676,0.891746596917378,"(b)"
623.050100200401,0.912808204724153,0.940873184623557,0.891412236670437,"(b)"
625.238476953908,0.912536651126873,0.94057545540015,0.891075545635128,"(b)"
627.426853707415,0.912265178314753,0.940152023809536,0.890738982880611,"(b)"
629.615230460922,0.911993786263758,0.939671307090635,0.890402548357599,"(b)"
631.803607214429,0.911722474949864,0.939190836174862,0.890066242016823,"(b)"
633.991983967936,0.911451244349052,0.938721449350674,0.889730063809034,"(b)"
636.180360721443,0.91118009443731,0.93832745735672,0.889360801003163,"(b)"
638.36873747495,0.910909025190634,0.937933639088908,0.888977414579288,"(b)"
640.557114228457,0.910638036585027,0.937539994467386,0.888606534595249,"(b)"
642.745490981964,0.910367128596498,0.937146523412336,0.888235986110115,"(b)"
644.933867735471,0.910096301201065,0.936753225843981,0.887865593183126,"(b)"
647.122244488978,0.909825554374751,0.936360101682581,0.887495355748542,"(b)"
649.310621242485,0.909554888093588,0.935967150848433,0.887124268565781,"(b)"
651.498997995992,0.909284302333615,0.935574373261873,0.886751304213676,"(b)"
653.687374749499,0.909013797070876,0.935181768843275,0.886378497700925,"(b)"
655.875751503006,0.908743372281425,0.934832986812987,0.886012332041995,"(b)"
658.064128256513,0.908473027941322,0.934497992860844,0.885659219680547,"(b)"
660.25250501002,0.908202764026632,0.934163142537844,0.885306248207865,"(b)"
662.440881763527,0.907932580513432,0.933830892231399,0.884953417567674,"(b)"
664.629258517034,0.9076624773778,0.933511179751804,0.884600727703718,"(b)"
666.817635270541,0.907392454595827,0.933221049409138,0.884248178559768,"(b)"
669.006012024048,0.907122512143606,0.933006029892538,0.883895770079613,"(b)"
671.194388777555,0.906852649997242,0.932791061497435,0.883543502207068,"(b)"
673.382765531062,0.906582868132842,0.932576144211315,0.883191374885968,"(b)"
675.571142284569,0.906313166526525,0.932361278021668,0.882839388060171,"(b)"
677.759519038076,0.906043545154414,0.932146462915987,0.882532351507458,"(b)"
679.947895791583,0.905774003992639,0.931931698881767,0.882235108525816,"(b)"
682.13627254509,0.905504543017339,0.931716985906509,0.881937967471618,"(b)"
684.324649298597,0.905235162204659,0.931502323977715,0.881640928309304,"(b)"
686.513026052104,0.904965861530751,0.931287713082891,0.881343991003325,"(b)"
688.701402805611,0.904696640971774,0.931073153209545,0.881044151399004,"(b)"
690.889779559118,0.904427500503896,0.930858644345189,0.880743419398965,"(b)"
693.078156312625,0.904158440103289,0.930622685555421,0.880442791860424,"(b)"
695.266533066132,0.903889459746133,0.930305153347079,0.880142268746497,"(b)"
697.454909819639,0.903620559408618,0.92997332142544,0.879841850020313,"(b)"
699.643286573146,0.903351739066936,0.929621030954496,0.879541535645013,"(b)"
701.831663326653,0.903082998697291,0.929268892276752,0.879241325583753,"(b)"
704.02004008016,0.902814338275891,0.928916905321072,0.878941219799702,"(b)"
706.208416833667,0.902545757778953,0.928565070016356,0.87864121825604,"(b)"
708.396793587174,0.902277257182698,0.928310481736209,0.878341320915963,"(b)"
710.585170340681,0.902008836463358,0.92811743761212,0.878041527742678,"(b)"
712.773547094188,0.901740495597169,0.927879060308998,0.877712431091392,"(b)"
714.961923847695,0.901472234560376,0.927592349361677,0.877363556935295,"(b)"
717.150300601202,0.90120405332923,0.927397468257832,0.877014821614402,"(b)"
719.338677354709,0.90093595187999,0.927202628549568,0.8766662250734,"(b)"
721.527054108216,0.900667930188921,0.927007830227997,0.876317767256996,"(b)"
723.715430861723,0.900399988232296,0.926813073284237,0.875969448109917,"(b)"
725.90380761523,0.900132125986394,0.926619202458438,0.875621267576915,"(b)"
728.092184368737,0.899864343427502,0.926424623093362,0.875273225602763,"(b)"
730.280561122245,0.899596640531914,0.926150528023427,0.874925322132256,"(b)"
732.468937875752,0.899329017275929,0.925879223656332,0.874577557110211,"(b)"
734.657314629259,0.899061473635858,0.925608002679576,0.874229930481467,"(b)"
736.845691382765,0.898794009588013,0.925336865066411,0.873882442190885,"(b)"
739.034068136272,0.898526625108717,0.925065810790099,0.873535092183349,"(b)"
741.22244488978,0.898259320174299,0.924826388053772,0.873194551801382,"(b)"
743.410821643287,0.897992094761095,0.924655828095725,0.872857101146278,"(b)"
745.599198396794,0.897724948845448,0.924485301821047,0.872519781410887,"(b)"
747.787575150301,0.897457882403707,0.924314809222717,0.872182592544219,"(b)"
749.975951903808,0.897190895412231,0.924144350293713,0.871845534495303,"(b)"
752.164328657315,0.896923987847384,0.92388524032518,0.87150860721319,"(b)"
754.352705410822,0.896657159685535,0.92350019144956,0.871171810646948,"(b)"
756.541082164329,0.896390410903065,0.922972298117042,0.870835144745668,"(b)"
758.729458917836,0.896123741476357,0.922451154805318,0.870498609458458,"(b)"
760.917835671343,0.895857151381805,0.922059433690614,0.870162204734449,"(b)"
763.10621242485,0.895590640595806,0.921722898831227,0.869825930522789,"(b)"
765.294589178357,0.895324209094769,0.921499774502505,0.869489786772648,"(b)"
767.482965931864,0.895057856855106,0.921279349663723,0.869153773433215,"(b)"
769.671342685371,0.894791583853237,0.921058978541797,0.868817732681492,"(b)"
771.859719438878,0.894525390065589,0.9208386611234,0.868479877520161,"(b)"
774.048096192385,0.894259275468598,0.92061839739521,0.868142154247341,"(b)"
776.236472945892,0.893993240038704,0.920398187343907,0.867804562811351,"(b)"
778.424849699399,0.893727283752356,0.920178030956174,0.867467103160532,"(b)"
780.613226452906,0.893461406586009,0.919963154914246,0.867129775243243,"(b)"
782.801603206413,0.893195608516126,0.919784203818715,0.866792579007865,"(b)"
784.98997995992,0.892929889519176,0.919572196110843,0.866455514402798,"(b)"
787.178356713427,0.892664249571636,0.919315176424999,0.866056321944268,"(b)"
789.366733466934,0.892398688649988,0.919060532293272,0.865623102525347,"(b)"
791.555110220441,0.892133206730723,0.918812415074465,0.865240033997113,"(b)"
793.743486973948,0.891867803790339,0.918619476219856,0.864895369802221,"(b)"
795.931863727455,0.89160247980534,0.918457979325214,0.864550411392397,"(b)"
798.120240480962,0.891337234752237,0.918296510836983,0.864205590729092,"(b)"
800.308617234469,0.891072068607549,0.918135070750165,0.863860907757236,"(b)"
802.496993987976,0.890806981347801,0.917973659059762,0.863516362421784,"(b)"
804.685370741483,0.890541972949525,0.917812275760777,0.863171954667711,"(b)"
806.87374749499,0.890277043389261,0.917623362791525,0.862827684440015,"(b)"
809.062124248497,0.890012192643554,0.917393901060597,0.862483551683715,"(b)"
811.250501002004,0.889747420688959,0.917169078685661,0.862139556343855,"(b)"
813.438877755511,0.889482727502035,0.916946592918986,0.861795698365497,"(b)"
815.627254509018,0.88921811305935,0.916724166229042,0.861451977693727,"(b)"
817.815631262525,0.888953577337478,0.916501798598984,0.861108394273653,"(b)"
820.004008016032,0.888689120313,0.916284113084606,0.860764948050405,"(b)"
822.192384769539,0.888424741962503,0.916126505253032,0.860421638969134,"(b)"
824.380761523046,0.888160442262584,0.915968924531365,0.860078466975015,"(b)"
826.569138276553,0.887896221189844,0.915811370914941,0.859735432013242,"(b)"
828.75751503006,0.887632078720892,0.915653844399098,0.859392534029033,"(b)"
830.945891783567,0.887368014832345,0.915482288634412,0.859049772967629,"(b)"
833.134268537074,0.887104029500824,0.915307315741714,0.858710672389593,"(b)"
835.322645290581,0.886840122702961,0.915132376579712,0.858384516052179,"(b)"
837.511022044088,0.886576294415391,0.914957471141852,0.858058483612521,"(b)"
839.699398797595,0.886312544614758,0.914782599421576,0.857732575023547,"(b)"
841.887775551102,0.886048873277714,0.914607761412331,0.857406790238203,"(b)"
844.076152304609,0.885785280380916,0.914432957107564,0.857081129209454,"(b)"
846.264529058116,0.885521765901029,0.914258186500724,0.856755591890282,"(b)"
848.452905811623,0.885258329814723,0.91408344958526,0.856430178233685,"(b)"
850.64128256513,0.884994972098678,0.913908746354624,0.856104888192683,"(b)"
852.829659318637,0.88473169272958,0.913734076802267,0.85577972172031,"(b)"
855.018036072144,0.884468491684119,0.913559440921644,0.85545467876962,"(b)"
857.206412825651,0.884205368938997,0.913384838706208,0.855129759293685,"(b)"
859.394789579158,0.883942324470918,0.913210793035464,0.854804963245592,"(b)"
861.583166332665,0.883679358256596,0.913048398144201,0.854480290578449,"(b)"
863.771543086172,0.883416470272752,0.912886033051211,0.854155741245381,"(b)"
865.959919839679,0.883153660496112,0.91272369775087,0.85383131519953,"(b)"
868.148296593186,0.88289092890341,0.912563943649238,0.853507012394056,"(b)"
870.336673346693,0.882628275471387,0.91240456733269,0.853182832782138,"(b)"
872.5250501002,0.882365700176791,0.912251232087698,0.852858776316972,"(b)"
874.713426853707,0.882103202996376,0.912090783372895,0.852534842951771,"(b)"
876.901803607214,0.881840783906905,0.911905408908765,0.852211032639766,"(b)"
879.090180360721,0.881578442885145,0.911720072902676,0.851887345334207,"(b)"
881.278557114228,0.881316179907873,0.911535383470851,0.851563780988361,"(b)"
883.466933867735,0.881053994951869,0.911352797161618,0.851240339555512,"(b)"
885.655310621243,0.880791887993925,0.911170248207413,0.850917020988964,"(b)"
887.843687374749,0.880529859010835,0.910987736600436,0.850593825242036,"(b)"
890.032064128256,0.880267907979404,0.910805262332891,0.850270752268066,"(b)"
892.220440881763,0.88000603487644,0.910622825396985,0.84994780202041,"(b)"
894.408817635271,0.879744239678761,0.910440425784923,0.849624974452441,"(b)"
896.597194388778,0.879482522363191,0.910266188028099,0.849302269517551,"(b)"
898.785571142285,0.87922088290656,0.910093839334823,0.848979687169148,"(b)"
900.973947895792,0.878959321285705,0.909921523560944,0.84865722736066,"(b)"
903.162324649299,0.878697837477472,0.90974924070012,0.848334890045529,"(b)"
905.350701402806,0.878436431458712,0.90957699074601,0.848012675177219,"(b)"
907.539078156313,0.878175103206282,0.909404773692276,0.847690582709209,"(b)"
909.72745490982,0.877913852697047,0.909232589532577,0.847368612594996,"(b)"
911.915831663327,0.877652679907881,0.909060438260578,0.847046764788094,"(b)"
914.104208416834,0.877391584815661,0.908888319869941,0.846725039242038,"(b)"
916.292585170341,0.877130567397274,0.908716234354333,0.846403435910376,"(b)"
918.480961923848,0.876869627629612,0.908552915517856,0.846081954746678,"(b)"
920.669338677355,0.876608765489575,0.908394677126012,0.845760595704528,"(b)"
922.857715430862,0.876347980954068,0.908236466296764,0.84543935873753,"(b)"
925.046092184369,0.876087274000005,0.90807828302531,0.845118243799305,"(b)"
927.234468937876,0.875826644604307,0.907920127306851,0.84479725084349,"(b)"
929.422845691383,0.8755660927439,0.907761999136586,0.844476379823743,"(b)"
931.61122244489,0.875305618395717,0.907603898509717,0.844155630693737,"(b)"
933.799599198397,0.875045221536701,0.907445825421444,0.843835003407164,"(b)"
935.987975951904,0.874784902143798,0.907287779866972,0.843514497917731,"(b)"
938.176352705411,0.874524660193962,0.907129761841503,0.843194114179166,"(b)"
940.364729458918,0.874264495664156,0.906971771340242,0.842873852145213,"(b)"
942.553106212425,0.874004408531346,0.906813808358393,0.842553711769633,"(b)"
944.741482965932,0.873744398772509,0.906655872891164,0.842233693006205,"(b)"
946.929859719439,0.873484466364625,0.906497964933761,0.841913795808727,"(b)"
949.118236472946,0.873224611284684,0.906340084481391,0.841594020131013,"(b)"
951.306613226453,0.872964833509681,0.906182231529264,0.841274365926895,"(b)"
953.49498997996,0.872705133016619,0.906024406072588,0.840954833150221,"(b)"
955.683366733467,0.872445509782506,0.905866608106573,0.84063542175486,"(b)"
957.871743486974,0.872185963784359,0.905708837626432,0.84031608557116,"(b)"
960.060120240481,0.8719264949992,0.905551094627376,0.839996545414893,"(b)"
962.248496993988,0.87166710340406,0.905393379104617,0.839677126783933,"(b)"
964.436873747495,0.871407788975974,0.905235691053369,0.839357829632058,"(b)"
966.625250501002,0.871148551691987,0.905078030468846,0.83903865391306,"(b)"
968.813627254509,0.870889391529148,0.904920397346264,0.838719599580751,"(b)"
971.002004008016,0.870630308464514,0.904762791680838,0.83840066658896,"(b)"
973.190380761523,0.87037130247515,0.904605213467787,0.838081854891534,"(b)"
975.37875751503,0.870112373538126,0.904447662702326,0.837763164442335,"(b)"
977.567134268537,0.869853521630519,0.904290139379675,0.837444595195246,"(b)"
979.755511022044,0.869594746729414,0.904132643495054,0.837126147104166,"(b)"
981.943887775551,0.869336048811902,0.903975175043682,0.836807820123011,"(b)"
984.132264529058,0.869077427855081,0.903817734020781,0.836489614205715,"(b)"
986.320641282565,0.868818883836055,0.903660320421572,0.836171529306231,"(b)"
988.509018036072,0.868560416731937,0.903502934241278,0.835853565378527,"(b)"
990.697394789579,0.868302026519845,0.903345575475123,0.83553572237659,"(b)"
992.885771543086,0.868043713176903,0.90318824411833,0.835218000254424,"(b)"
995.074148296593,0.867785476680244,0.903030940166127,0.834900398966051,"(b)"
997.2625250501,0.867527317007007,0.902873663613737,0.83458291846551,"(b)"
999.450901803607,0.867269234134337,0.902716414456389,0.834265558706858,"(b)"
1001.63927855711,0.867011228039387,0.902559192689309,0.833948319644169,"(b)"
1003.82765531062,0.866753298699316,0.902401998307727,0.833631201231534,"(b)"
1006.01603206413,0.86649544609129,0.902244831306872,0.833314203423063,"(b)"
1008.20440881764,0.866237670192481,0.902087691681974,0.832997326172882,"(b)"
1010.39278557114,0.86597997098007,0.901930579428265,0.832680569435134,"(b)"
1012.58116232465,0.865722348431242,0.901773494540975,0.832363933163982,"(b)"
1014.76953907816,0.865464802523191,0.901616437015337,0.832047417313605,"(b)"
1016.95791583166,0.865207333233117,0.901459406846586,0.831699770177675,"(b)"
1019.14629258517,0.864949940538226,0.901302404029956,0.831329325183946,"(b)"
1021.33466933868,0.864692624415732,0.901145428560681,0.830955062113188,"(b)"
1023.52304609218,0.864435384842855,0.900988480433998,0.830579625170713,"(b)"
1025.71142284569,0.864178221796823,0.900831559645144,0.830204361266718,"(b)"
1027.8997995992,0.863921135254869,0.900674666189355,0.829829270319962,"(b)"
1030.08817635271,0.863664125194234,0.900517800061872,0.829454352249241,"(b)"
1032.27655310621,0.863407191592165,0.900360961257933,0.829079606973393,"(b)"
1034.46492985972,0.863150334425916,0.900204149772778,0.828705034411291,"(b)"
1036.65330661323,0.862893553672748,0.900047365601649,0.828330634481849,"(b)"
1038.84168336673,0.86263684930993,0.899890608739786,0.82795640710402,"(b)"
1041.03006012024,0.862380221314734,0.899733879182434,0.827582352196794,"(b)"
1043.21843687375,0.862123669664443,0.899577176924834,0.8272084696792,"(b)"
1045.40681362725,0.861867194336345,0.899420501962232,0.826834759470308,"(b)"
1047.59519038076,0.861610795307734,0.899263854289873,0.826461221489224,"(b)"
1049.78356713427,0.861354472555911,0.899107233903003,0.826087855655093,"(b)"
1051.97194388778,0.861098226058186,0.898950640796868,0.8257146618871,"(b)"
1054.16032064128,0.860842055791872,0.898794074966716,0.825341640104467,"(b)"
1056.34869739479,0.860585961734292,0.898637536407796,0.824968790226455,"(b)"
1058.5370741483,0.860329943862775,0.898481025115357,0.824596112172364,"(b)"
1060.7254509018,0.860074002154654,0.898324541084649,0.824223605861532,"(b)"
1062.91382765531,0.859818136587273,0.898168084310922,0.823851271213336,"(b)"
1065.10220440882,0.85956234713798,0.89801165478943,0.823479108147191,"(b)"
1067.29058116232,0.85930663378413,0.897855252515423,0.823107116582551,"(b)"
1069.47895791583,0.859050996503086,0.897698877484157,0.822735296438908,"(b)"
1071.66733466934,0.858795435272216,0.897542529690884,0.822363647635792,"(b)"
1073.85571142285,0.858539950068896,0.89738620913086,0.821992170092773,"(b)"
1076.04408817635,0.85828454087051,0.897229915799341,0.821620863729458,"(b)"
1078.23246492986,0.858029207654444,0.897073649691584,0.821249728465491,"(b)"
1080.42084168337,0.857773950398096,0.896917410802846,0.820878764220559,"(b)"
1082.60921843687,0.857518769078868,0.896761199128385,0.820531447813814,"(b)"
1084.79759519038,0.85726366367417,0.896605014663462,0.820204203975956,"(b)"
1086.98597194389,0.857008634161416,0.896448857403335,0.819877090802896,"(b)"
1089.17434869739,0.856753680518031,0.896292727343266,0.819550108242401,"(b)"
1091.3627254509,0.856498802721443,0.896136624478516,0.819223256242259,"(b)"
1093.55110220441,0.856244000749089,0.895980548804348,0.818896534750277,"(b)"
1095.73947895792,0.855989274578411,0.895821845381878,0.818530932037254,"(b)"
1097.92785571142,0.855734624186859,0.895662460421465,0.818165272494628,"(b)"
1100.11623246493,0.85548004955189,0.895503103821677,0.817799777397734,"(b)"
1102.30460921844,0.855225550650966,0.895343775577467,0.817434446672128,"(b)"
1104.49298597194,0.854971127461556,0.895184475683788,0.817069280243397,"(b)"
1106.68136272545,0.854716779961138,0.895025204135596,0.816704278037164,"(b)"
1108.86973947896,0.854462508127195,0.894865960927846,0.816339439979087,"(b)"
1111.05811623246,0.854208311937215,0.894706746055495,0.815974765994854,"(b)"
1113.24649298597,0.853954191368697,0.8945475595135,0.81561025601019,"(b)"
1115.43486973948,0.853700146399142,0.894388401296821,0.815245909950853,"(b)"
1117.62324649299,0.853446177006061,0.894229271400415,0.814881727742635,"(b)"
1119.81162324649,0.853192283166971,0.894070169819244,0.814517709311362,"(b)"
1122,0.852938464859394,0.893911096548269,0.814153854582893,"(b)"
